Agent,Skills,Langue
QwX/U1D2E197WXPFWQA1sZTZvFU=,math,en
OVF4/s8GtVh2sYbpSNflH5Sg8Yg=,math,en
QCuwKXEype1aPX+1ubv3ops0fKQ=,math,en
SeDGBN1XUIGQlUt5Xktgepe2ghM=,math,en
BcbMaUTYagkAETzwJmM57Hw+Yao=,math,en
VvFRUkuGXkm7BFLOe+/Fkirw5D8=,math,en
ZvYc2OuhAc2wYLPdqjmCpAPfdRU=,math,en
GpKke9Bj93kKim+UX0K40slA4mU=,math,en
AHwbDLJN/j3U0fBUkkvcc2VKr5E=,math,en
R6l9iPsr0Hr2F6dAwy93rMjgT4g=,math,en
PkTIInnV9hQ+YqANUGGuW3njE+w=,math,en
E7SfdlQpeezeQ3jyA6hBAqQ8GKE=,math,en
Ucf2739efILx/D2I5NaQwxhlj5o=,math,en
KL9xwPiTtrNXVnZf8W16imvrBjk=,math,en
S9X+6bGLg1RxpKJFMkjgW9902ww=,math,en
Gnv9kWxRVXlwRNS2j5Wmrn0GwOY=,math,en
DEjPHfWVTIMGlQvW7h7ujmJmLog=,math,en
l9X1MNGtOwoICbOo0OrA5B9SEFI=,math,en
fuvQx+Bolq5o776fSnI1xEbTF7I=,autre,en
i6xnWkCEseUdirsN/g1LJ/HIs04=,autre,en
KL9xwPiTtrNXVnZf8W16imvrBjk=,autre,en
+FTsDHZEVij6S/YlUmkBAjxYX40=,autre,en
S9X+6bGLg1RxpKJFMkjgW9902ww=,autre,en
RNGb953zrtJ3d6HhCbaXIuezcco=,autre,en
zG4WhyWNAzGzgmbujKxb9NazN/Y=,autre,en
Gnv9kWxRVXlwRNS2j5Wmrn0GwOY=,autre,en
dIv8rTPYT91Ue2eNk5IvMFu/BVQ=,autre,en
E7SfdlQpeezeQ3jyA6hBAqQ8GKE=,autre,en
R6l9iPsr0Hr2F6dAwy93rMjgT4g=,autre,en
SeDGBN1XUIGQlUt5Xktgepe2ghM=,autre,en
QCuwKXEype1aPX+1ubv3ops0fKQ=,autre,en
atG4rKAA3DKMvrtW3z2zVBi4jiA=,autre,en
3hFHmYFaDqsCxaU9mTMMS67V870=,autre,en
PkTIInnV9hQ+YqANUGGuW3njE+w=,autre,en
UgdbZwQ5pRx8OCByVMdxIuEwpPI=,autre,en
VvFRUkuGXkm7BFLOe+/Fkirw5D8=,autre,en
dXBAlFlVplOMk0wRR8cvn5I0QeE=,autre,en
Rk4e7247m5ZzW7W6jMSZPaz7clM=,autre,en
n9iLqFvMQqOYrPNk1o5ZybsP+N4=,autre,en
atG4rKAA3DKMvrtW3z2zVBi4jiA=,anglais,en
dIv8rTPYT91Ue2eNk5IvMFu/BVQ=,anglais,en
n9iLqFvMQqOYrPNk1o5ZybsP+N4=,anglais,en
SeDGBN1XUIGQlUt5Xktgepe2ghM=,anglais,en
anuDLbV4imafe+KYIXvJGqKbtmw=,anglais,en
Rk4e7247m5ZzW7W6jMSZPaz7clM=,anglais,en
KL9xwPiTtrNXVnZf8W16imvrBjk=,anglais,en
UgdbZwQ5pRx8OCByVMdxIuEwpPI=,anglais,en
cmldwNItXhc/T562ctevao0huj0=,francais,en
UgdbZwQ5pRx8OCByVMdxIuEwpPI=,francais,en
0kg43Ug2jnXPnjO6V9V6rLR/ISc=,francais,en
Ucf2739efILx/D2I5NaQwxhlj5o=,francais,en
Gnv9kWxRVXlwRNS2j5Wmrn0GwOY=,francais,en
Rk4e7247m5ZzW7W6jMSZPaz7clM=,francais,en
l9X1MNGtOwoICbOo0OrA5B9SEFI=,francais,en
DEjPHfWVTIMGlQvW7h7ujmJmLog=,francais,en
S9X+6bGLg1RxpKJFMkjgW9902ww=,francais,en
dIv8rTPYT91Ue2eNk5IvMFu/BVQ=,francais,en
R6l9iPsr0Hr2F6dAwy93rMjgT4g=,francais,en
mZHnKRVcD7gLVGCNcz/L+Aa5lXQ=,francais,en
u7dE1BKfCYH6UhnlTfRRdDxF+Tk=,francais,en
d1tjz1mr8Itp9px13zVQddMfHrY=,francais,en
ZvYc2OuhAc2wYLPdqjmCpAPfdRU=,francais,en
wHaz5am4ZrcjiYxc5BCkU9bYkhI=,math_1_2,en
+FTsDHZEVij6S/YlUmkBAjxYX40=,math_1_2,en
SeDGBN1XUIGQlUt5Xktgepe2ghM=,math_1_2,en
KL9xwPiTtrNXVnZf8W16imvrBjk=,math_1_2,en
Rk4e7247m5ZzW7W6jMSZPaz7clM=,math_1_2,en
eHW1ARoTp32aaaFa1j3e4QfKSdQ=,math_1_2,en
xYq6g0mg0uxHNRVROv6Z9MFBBUM=,math_1_2,en
0FJLzharSFPd1pmNf/Dt25iXkVc=,math_1_2,en
lpZZhSclbZZdZv8wnXTRf1rqZqs=,math_1_2,en
RWxcnYTY5+p1+kodIlzAMwv8ZlE=,math_1_2,en
z7n0xwclHwXCTPFTkVhFdsJuIjg=,math_1_2,en
QwX/U1D2E197WXPFWQA1sZTZvFU=,math_1_2,en
PkTIInnV9hQ+YqANUGGuW3njE+w=,math_1_2,en
ibX58NPQ3cQnhiTnDKTCQK+JaMk=,math_1_2,en
XROPkoDDLwG7KDXLPRlWkHA9GtU=,math_1_2,en
SC68espSKIa5VeCYptCpZw3/6uY=,math_1_2,en
CrLSv9YUIP620yvGfL0etlnSw4A=,math_3_5,en
KL9xwPiTtrNXVnZf8W16imvrBjk=,math_3_5,en
d1tjz1mr8Itp9px13zVQddMfHrY=,math_3_5,en
wHaz5am4ZrcjiYxc5BCkU9bYkhI=,math_3_5,en
McY3RyGWES9KNMdDHmO0rhZaa6g=,math_3_5,en
l9X1MNGtOwoICbOo0OrA5B9SEFI=,math_3_5,en
ljE8PNswqfwGarvTibzu9+C3aKY=,math_3_5,en
+kA//C9qAVGLtQascCuOayH13S0=,math_3_5,en
ibX58NPQ3cQnhiTnDKTCQK+JaMk=,math_3_5,en
Rk4e7247m5ZzW7W6jMSZPaz7clM=,math_3_5,en
VvFRUkuGXkm7BFLOe+/Fkirw5D8=,math_3_5,en
RWxcnYTY5+p1+kodIlzAMwv8ZlE=,math_3_5,en
ZZwVZcrO0MA8RX8guqsjGEJe3KU=,math_3_5,en
SC68espSKIa5VeCYptCpZw3/6uY=,math_3_5,en
Kgus2gHPXin/RYsANLGrIXNTLAU=,math_3_5,en
yVx5s04YykFDQXesty45G9qcjKs=,math_3_5,en
lpZZhSclbZZdZv8wnXTRf1rqZqs=,math_3_5,en
SeDGBN1XUIGQlUt5Xktgepe2ghM=,math_3_5,en
pX1FCDKDTpkhk9tUZJszPWNX0I0=,math_3_5,en
J9fzgiNSkMronGWqZeMAmseOmZI=,math_3_5,en
eHW1ARoTp32aaaFa1j3e4QfKSdQ=,math_3_5,en
QCuwKXEype1aPX+1ubv3ops0fKQ=,math_3_5,en
QwX/U1D2E197WXPFWQA1sZTZvFU=,math_3_5,en
z7n0xwclHwXCTPFTkVhFdsJuIjg=,math_3_5,en
XROPkoDDLwG7KDXLPRlWkHA9GtU=,math_3_5,en
+FTsDHZEVij6S/YlUmkBAjxYX40=,math_3_5,en
GpKke9Bj93kKim+UX0K40slA4mU=,math_3_5,en
OVF4/s8GtVh2sYbpSNflH5Sg8Yg=,math_3_5,en
1aAR53SMQInXnQ1sw6BbW9HaBU0=,math_3_5,en
AHwbDLJN/j3U0fBUkkvcc2VKr5E=,sciences,en
DcNXTEt/EIEgIrfvvTNlgXCp7fY=,sciences,en
fuvQx+Bolq5o776fSnI1xEbTF7I=,sciences,en
HiF2bmJujC23YnxpivMsjTXRdsk=,sciences,en
9Afrx7l/KS7dl0scojC4ScBXy9Y=,sciences,en
4pYTeKj/wRdgSJ8TiUiHVXp85dQ=,sciences,en
qwQOUVE4X1AuCDzIF2cID12eHoM=,sciences,en
RWxcnYTY5+p1+kodIlzAMwv8ZlE=,sciences,en
gklvrrW+5+/rjLdfQA8ljAwP7os=,sciences,en
+FTsDHZEVij6S/YlUmkBAjxYX40=,sciences,en
sUG1PjypkAIn1lSJSXvOj58byUk=,sciences,en
1/Rftf59Hd6wFVLYddpwN5huz4Y=,sciences,en
YKzDhQS3O3Q5BfEAI8tziG+g7aU=,sciences,en
l9X1MNGtOwoICbOo0OrA5B9SEFI=,sciences,en
GpKke9Bj93kKim+UX0K40slA4mU=,sciences,en
nrPxP+ZZby2cWsavENorukuL+dU=,sciences,en
d1tjz1mr8Itp9px13zVQddMfHrY=,sciences,en
yVx5s04YykFDQXesty45G9qcjKs=,sciences,en
DEjPHfWVTIMGlQvW7h7ujmJmLog=,sciences,en
+kA//C9qAVGLtQascCuOayH13S0=,sciences,en
4tkEKGOwqVH5NugnwlWtkUYCr0s=,sciences,en
wb/idogNa+tOqnsaxy6IQHSoGhQ=,sciences,en
atG4rKAA3DKMvrtW3z2zVBi4jiA=,geo_histoire,en
E7SfdlQpeezeQ3jyA6hBAqQ8GKE=,geo_histoire,en
dIv8rTPYT91Ue2eNk5IvMFu/BVQ=,geo_histoire,en
cVttPDmX3c/JkdvRzGYryxNL4DQ=,geo_histoire,en
UgdbZwQ5pRx8OCByVMdxIuEwpPI=,geo_histoire,en
QCuwKXEype1aPX+1ubv3ops0fKQ=,math_primaire,en
fuvQx+Bolq5o776fSnI1xEbTF7I=,math_primaire,en
d1tjz1mr8Itp9px13zVQddMfHrY=,math_primaire,en
kwhiA3oMF98fdJSnzWOSvdUiJ4c=,math_primaire,en
+kA//C9qAVGLtQascCuOayH13S0=,math_primaire,en
QCuwKXEype1aPX+1ubv3ops0fKQ=,chimie_secondaire,en
3BrPpz2q0hJguDFHXoHRRTMT3EA=,chimie_secondaire,en
QCuwKXEype1aPX+1ubv3ops0fKQ=,francais_primaire,en
S9X+6bGLg1RxpKJFMkjgW9902ww=,francais_primaire,en
dIv8rTPYT91Ue2eNk5IvMFu/BVQ=,francais_primaire,en
PkTIInnV9hQ+YqANUGGuW3njE+w=,francais_primaire,en
QCuwKXEype1aPX+1ubv3ops0fKQ=,sciences_primaire,en
S9X+6bGLg1RxpKJFMkjgW9902ww=,francais_secondaire,en
Rk4e7247m5ZzW7W6jMSZPaz7clM=,math_secondaire_1-2,en
B07r7Z0JwBc2LXZ8wZafe8iGc20=,math_secondaire_1-2,en
eHW1ARoTp32aaaFa1j3e4QfKSdQ=,math_secondaire_1-2,en
YKzDhQS3O3Q5BfEAI8tziG+g7aU=,math_secondaire_1-2,en
HiF2bmJujC23YnxpivMsjTXRdsk=,math_secondaire_1-2,en
GpKke9Bj93kKim+UX0K40slA4mU=,math_secondaire_3-5,en
SeDGBN1XUIGQlUt5Xktgepe2ghM=,math_secondaire_3-5,en
yVx5s04YykFDQXesty45G9qcjKs=,physique_secondaire,en
YKzDhQS3O3Q5BfEAI8tziG+g7aU=,sciences_secondaire,en
DEjPHfWVTIMGlQvW7h7ujmJmLog=,sciences_secondaire,en
d6PU3e+xIUCrW2EcrrHMSOJl4uI=,monde_contemporain_secondaire,en
anuDLbV4imafe+KYIXvJGqKbtmw=,monde_contemporain_secondaire,en
QCuwKXEype1aPX+1ubv3ops0fKQ=,education_financiere_secondaire,en
VvFRUkuGXkm7BFLOe+/Fkirw5D8=,education_financiere_secondaire,en
PtWjRbjx1wevqbu4AXQNn8T8++g=,math,fr
ZvYc2OuhAc2wYLPdqjmCpAPfdRU=,math,fr
SC68espSKIa5VeCYptCpZw3/6uY=,math,fr
qwQOUVE4X1AuCDzIF2cID12eHoM=,math,fr
Q1TOpokt3fwHcC2Z/29GFAbzQaY=,math,fr
anuDLbV4imafe+KYIXvJGqKbtmw=,math,fr
0DuJNnNoWxANjD3LRqPfqjjCRTc=,math,fr
E7SfdlQpeezeQ3jyA6hBAqQ8GKE=,math,fr
Xpfu90SbzkED136bJGadsFBf4zg=,math,fr
Fu4bsgAbLpTsLYbRN4znkmLFvGg=,math,fr
DcNXTEt/EIEgIrfvvTNlgXCp7fY=,math,fr
5CAxENgSEwFMWw6WBVfCFzcuCJE=,math,fr
McY3RyGWES9KNMdDHmO0rhZaa6g=,math,fr
HiF2bmJujC23YnxpivMsjTXRdsk=,math,fr
/Cdv04f54regdIJ4D/THAvWXnUA=,math,fr
yVx5s04YykFDQXesty45G9qcjKs=,math,fr
KL9xwPiTtrNXVnZf8W16imvrBjk=,math,fr
DEjPHfWVTIMGlQvW7h7ujmJmLog=,math,fr
d1tjz1mr8Itp9px13zVQddMfHrY=,math,fr
zG4WhyWNAzGzgmbujKxb9NazN/Y=,math,fr
ljE8PNswqfwGarvTibzu9+C3aKY=,math,fr
P3j8z2Tn6D4Y+32Am88DAYu85GQ=,math,fr
nrPxP+ZZby2cWsavENorukuL+dU=,math,fr
ibX58NPQ3cQnhiTnDKTCQK+JaMk=,math,fr
RAX/pnmobJm7t1zjdy1vgyJjRTc=,math,fr
1aAR53SMQInXnQ1sw6BbW9HaBU0=,math,fr
Gnv9kWxRVXlwRNS2j5Wmrn0GwOY=,math,fr
wb/idogNa+tOqnsaxy6IQHSoGhQ=,math,fr
OkoDLllG/ImQxD6Sh4S7qL3sGb0=,math,fr
YtC5gIw+ibaFzV26fU8C9fr/OXM=,math,fr
lOsNzU/gOfZXsu3iPR3WwLUN/Hw=,math,fr
0kg43Ug2jnXPnjO6V9V6rLR/ISc=,math,fr
OVF4/s8GtVh2sYbpSNflH5Sg8Yg=,math,fr
S9X+6bGLg1RxpKJFMkjgW9902ww=,math,fr
u7dE1BKfCYH6UhnlTfRRdDxF+Tk=,math,fr
SDrtrQIxhO09ITcVNQF/1y+ULWo=,math,fr
1fDW9rFaoBkD8wX1pDvzwFGTkLU=,math,fr
BcbMaUTYagkAETzwJmM57Hw+Yao=,math,fr
5boDSDHi1msoLLscATanUA3nyMs=,math,fr
GqrR4wOPzE+gs/tgNhg5OBwh4hc=,math,fr
QwX/U1D2E197WXPFWQA1sZTZvFU=,math,fr
spCuR8ULdoBJ/+KqJ7KjtLy3/Ys=,math,fr
4pYTeKj/wRdgSJ8TiUiHVXp85dQ=,math,fr
zptimvcPll8CH2qlCgUBD2dWItk=,math,fr
QCuwKXEype1aPX+1ubv3ops0fKQ=,math,fr
wZSftUbxDpMAvQ8S6jvnbx6B4bY=,math,fr
M/AHhC36ez5h+YANMUXxavd2TVU=,math,fr
XROPkoDDLwG7KDXLPRlWkHA9GtU=,math,fr
RMlbX0VAA4QXQSyyl6h7jSZRZxg=,math,fr
JJoh1mA11siyCQUp0LNTNaSzwvc=,math,fr
L3vKYk33+REiVi3I3IUg/Aphd9Q=,math,fr
RWxcnYTY5+p1+kodIlzAMwv8ZlE=,math,fr
AhbglV4PLS6Cqon+QidHPSMpOuQ=,math,fr
eHW1ARoTp32aaaFa1j3e4QfKSdQ=,math,fr
5cr3VK/whJDg7v6NzVIBJJ9ZMgo=,math,fr
Rk4e7247m5ZzW7W6jMSZPaz7clM=,math,fr
e1WUBEYcPclNYrL3OKd4MGnwL2A=,math,fr
BUUxK/WXMJCFmy3wnPKw6avVqxM=,math,fr
YKzDhQS3O3Q5BfEAI8tziG+g7aU=,math,fr
atG4rKAA3DKMvrtW3z2zVBi4jiA=,math,fr
lpZZhSclbZZdZv8wnXTRf1rqZqs=,math,fr
B07r7Z0JwBc2LXZ8wZafe8iGc20=,math,fr
CrLSv9YUIP620yvGfL0etlnSw4A=,math,fr
UgdbZwQ5pRx8OCByVMdxIuEwpPI=,math,fr
l9X1MNGtOwoICbOo0OrA5B9SEFI=,math,fr
cVttPDmX3c/JkdvRzGYryxNL4DQ=,math,fr
VvFRUkuGXkm7BFLOe+/Fkirw5D8=,math,fr
GpKke9Bj93kKim+UX0K40slA4mU=,math,fr
0FJLzharSFPd1pmNf/Dt25iXkVc=,math,fr
R6l9iPsr0Hr2F6dAwy93rMjgT4g=,math,fr
sUG1PjypkAIn1lSJSXvOj58byUk=,math,fr
+kA//C9qAVGLtQascCuOayH13S0=,math,fr
Hmh9IFgcb2xAxZFe9/e0UB7drsc=,math,fr
d6PU3e+xIUCrW2EcrrHMSOJl4uI=,math,fr
1/Rftf59Hd6wFVLYddpwN5huz4Y=,math,fr
4tkEKGOwqVH5NugnwlWtkUYCr0s=,math,fr
z7n0xwclHwXCTPFTkVhFdsJuIjg=,math,fr
dIv8rTPYT91Ue2eNk5IvMFu/BVQ=,math,fr
ZZwVZcrO0MA8RX8guqsjGEJe3KU=,math,fr
+FTsDHZEVij6S/YlUmkBAjxYX40=,math,fr
J9fzgiNSkMronGWqZeMAmseOmZI=,math,fr
ZBw2eBB+s+LGqIN+1GydMRPIwgw=,math,fr
rrd7pIf8fDwaVFdXADaaWIyYlyw=,math,fr
3BrPpz2q0hJguDFHXoHRRTMT3EA=,math,fr
6Ttqj8Hs76nNUAQwDprQ2MqCnqc=,math,fr
pX1FCDKDTpkhk9tUZJszPWNX0I0=,math,fr
PkTIInnV9hQ+YqANUGGuW3njE+w=,math,fr
kwhiA3oMF98fdJSnzWOSvdUiJ4c=,math,fr
YUMJ4jTI/eXe9ltaY4uupx8WaSo=,math,fr
dXBAlFlVplOMk0wRR8cvn5I0QeE=,math,fr
AHwbDLJN/j3U0fBUkkvcc2VKr5E=,math,fr
gioLglZ2jsGrh272hTBeHhNGZsQ=,math,fr
SeDGBN1XUIGQlUt5Xktgepe2ghM=,math,fr
pkYrVF/m3Gfbcq6iPAUwHrfzUwo=,math,fr
i6xnWkCEseUdirsN/g1LJ/HIs04=,math,fr
RNGb953zrtJ3d6HhCbaXIuezcco=,math,fr
n9iLqFvMQqOYrPNk1o5ZybsP+N4=,math,fr
pLHyIeAausvLEWmpfxPAl8oHpKo=,math,fr
KjaTF3mr0N9ysRr6dPimYaBbuqc=,math,fr
9Afrx7l/KS7dl0scojC4ScBXy9Y=,math,fr
3hFHmYFaDqsCxaU9mTMMS67V870=,math,fr
gklvrrW+5+/rjLdfQA8ljAwP7os=,math,fr
wHaz5am4ZrcjiYxc5BCkU9bYkhI=,math,fr
lC21zm/2gKkWMpRcOFk0QEJFwvE=,math,fr
Kgus2gHPXin/RYsANLGrIXNTLAU=,math,fr
EXlfidRiET7RFOj/FHPb+Xejo8M=,math,fr
gO4pCKQ5/9qdUfaasn8OVj4wXcw=,math,fr
Ucf2739efILx/D2I5NaQwxhlj5o=,math,fr
xYq6g0mg0uxHNRVROv6Z9MFBBUM=,math,fr
Rk4e7247m5ZzW7W6jMSZPaz7clM=,autre,fr
0FJLzharSFPd1pmNf/Dt25iXkVc=,autre,fr
RAX/pnmobJm7t1zjdy1vgyJjRTc=,autre,fr
HiF2bmJujC23YnxpivMsjTXRdsk=,autre,fr
i6xnWkCEseUdirsN/g1LJ/HIs04=,autre,fr
cVttPDmX3c/JkdvRzGYryxNL4DQ=,autre,fr
gioLglZ2jsGrh272hTBeHhNGZsQ=,autre,fr
QwX/U1D2E197WXPFWQA1sZTZvFU=,autre,fr
ibX58NPQ3cQnhiTnDKTCQK+JaMk=,autre,fr
e1WUBEYcPclNYrL3OKd4MGnwL2A=,autre,fr
12jrANO8QrvlVaqba32VkcG8GnU=,autre,fr
u7dE1BKfCYH6UhnlTfRRdDxF+Tk=,autre,fr
pX1FCDKDTpkhk9tUZJszPWNX0I0=,autre,fr
9Afrx7l/KS7dl0scojC4ScBXy9Y=,autre,fr
KL9xwPiTtrNXVnZf8W16imvrBjk=,autre,fr
qwQOUVE4X1AuCDzIF2cID12eHoM=,autre,fr
SC68espSKIa5VeCYptCpZw3/6uY=,autre,fr
eHW1ARoTp32aaaFa1j3e4QfKSdQ=,autre,fr
BUUxK/WXMJCFmy3wnPKw6avVqxM=,autre,fr
d1tjz1mr8Itp9px13zVQddMfHrY=,autre,fr
n9iLqFvMQqOYrPNk1o5ZybsP+N4=,autre,fr
3BrPpz2q0hJguDFHXoHRRTMT3EA=,autre,fr
zptimvcPll8CH2qlCgUBD2dWItk=,autre,fr
4pYTeKj/wRdgSJ8TiUiHVXp85dQ=,autre,fr
Gnv9kWxRVXlwRNS2j5Wmrn0GwOY=,autre,fr
OkoDLllG/ImQxD6Sh4S7qL3sGb0=,autre,fr
zG4WhyWNAzGzgmbujKxb9NazN/Y=,autre,fr
6Ttqj8Hs76nNUAQwDprQ2MqCnqc=,autre,fr
wZSftUbxDpMAvQ8S6jvnbx6B4bY=,autre,fr
anuDLbV4imafe+KYIXvJGqKbtmw=,autre,fr
1/Rftf59Hd6wFVLYddpwN5huz4Y=,autre,fr
Ucf2739efILx/D2I5NaQwxhlj5o=,autre,fr
lOsNzU/gOfZXsu3iPR3WwLUN/Hw=,autre,fr
McY3RyGWES9KNMdDHmO0rhZaa6g=,autre,fr
GpKke9Bj93kKim+UX0K40slA4mU=,autre,fr
AhbglV4PLS6Cqon+QidHPSMpOuQ=,autre,fr
fuvQx+Bolq5o776fSnI1xEbTF7I=,autre,fr
QCuwKXEype1aPX+1ubv3ops0fKQ=,autre,fr
spCuR8ULdoBJ/+KqJ7KjtLy3/Ys=,autre,fr
VvFRUkuGXkm7BFLOe+/Fkirw5D8=,autre,fr
S9X+6bGLg1RxpKJFMkjgW9902ww=,autre,fr
cmldwNItXhc/T562ctevao0huj0=,autre,fr
dIv8rTPYT91Ue2eNk5IvMFu/BVQ=,autre,fr
AHwbDLJN/j3U0fBUkkvcc2VKr5E=,autre,fr
Kgus2gHPXin/RYsANLGrIXNTLAU=,autre,fr
jUm6/XY/QPDlI+5IPF8bRLdNQ3A=,autre,fr
nrPxP+ZZby2cWsavENorukuL+dU=,autre,fr
3hFHmYFaDqsCxaU9mTMMS67V870=,autre,fr
DEjPHfWVTIMGlQvW7h7ujmJmLog=,autre,fr
PkTIInnV9hQ+YqANUGGuW3njE+w=,autre,fr
JJoh1mA11siyCQUp0LNTNaSzwvc=,autre,fr
YtC5gIw+ibaFzV26fU8C9fr/OXM=,autre,fr
B07r7Z0JwBc2LXZ8wZafe8iGc20=,autre,fr
xGl0VKKG5q8tu9A2MXU8ic6rtR0=,autre,fr
RMlbX0VAA4QXQSyyl6h7jSZRZxg=,autre,fr
0DuJNnNoWxANjD3LRqPfqjjCRTc=,autre,fr
DcNXTEt/EIEgIrfvvTNlgXCp7fY=,autre,fr
5boDSDHi1msoLLscATanUA3nyMs=,autre,fr
+FTsDHZEVij6S/YlUmkBAjxYX40=,autre,fr
N3ONjtj40I5LJVY6trAiwbpxXv8=,autre,fr
0kg43Ug2jnXPnjO6V9V6rLR/ISc=,autre,fr
R6l9iPsr0Hr2F6dAwy93rMjgT4g=,autre,fr
YKzDhQS3O3Q5BfEAI8tziG+g7aU=,autre,fr
M/AHhC36ez5h+YANMUXxavd2TVU=,autre,fr
0NAijZp91uCeerJMgPOHlAmSytU=,autre,fr
lpZZhSclbZZdZv8wnXTRf1rqZqs=,autre,fr
SeDGBN1XUIGQlUt5Xktgepe2ghM=,autre,fr
GqrR4wOPzE+gs/tgNhg5OBwh4hc=,autre,fr
dXBAlFlVplOMk0wRR8cvn5I0QeE=,autre,fr
wb/idogNa+tOqnsaxy6IQHSoGhQ=,autre,fr
UgdbZwQ5pRx8OCByVMdxIuEwpPI=,autre,fr
Q1TOpokt3fwHcC2Z/29GFAbzQaY=,autre,fr
atG4rKAA3DKMvrtW3z2zVBi4jiA=,autre,fr
RWxcnYTY5+p1+kodIlzAMwv8ZlE=,autre,fr
+kA//C9qAVGLtQascCuOayH13S0=,autre,fr
RNGb953zrtJ3d6HhCbaXIuezcco=,autre,fr
4tkEKGOwqVH5NugnwlWtkUYCr0s=,autre,fr
ZvYc2OuhAc2wYLPdqjmCpAPfdRU=,math_,fr
RAX/pnmobJm7t1zjdy1vgyJjRTc=,math_,fr
dXBAlFlVplOMk0wRR8cvn5I0QeE=,math_,fr
wZSftUbxDpMAvQ8S6jvnbx6B4bY=,math_,fr
KL9xwPiTtrNXVnZf8W16imvrBjk=,math_,fr
pX1FCDKDTpkhk9tUZJszPWNX0I0=,math_,fr
DEjPHfWVTIMGlQvW7h7ujmJmLog=,math_,fr
3BrPpz2q0hJguDFHXoHRRTMT3EA=,math_,fr
YtC5gIw+ibaFzV26fU8C9fr/OXM=,anglais,fr
KL9xwPiTtrNXVnZf8W16imvrBjk=,anglais,fr
zG4WhyWNAzGzgmbujKxb9NazN/Y=,anglais,fr
anuDLbV4imafe+KYIXvJGqKbtmw=,anglais,fr
n9iLqFvMQqOYrPNk1o5ZybsP+N4=,anglais,fr
JdeJqsGDtY3s15tnL44WvGfxgsg=,anglais,fr
atG4rKAA3DKMvrtW3z2zVBi4jiA=,anglais,fr
AHwbDLJN/j3U0fBUkkvcc2VKr5E=,anglais,fr
UgdbZwQ5pRx8OCByVMdxIuEwpPI=,anglais,fr
zetRiCL0U1IGQqhg/RoTiLGb+OQ=,anglais,fr
4pYTeKj/wRdgSJ8TiUiHVXp85dQ=,anglais,fr
Ucf2739efILx/D2I5NaQwxhlj5o=,anglais,fr
d6PU3e+xIUCrW2EcrrHMSOJl4uI=,anglais,fr
SeDGBN1XUIGQlUt5Xktgepe2ghM=,anglais,fr
dIv8rTPYT91Ue2eNk5IvMFu/BVQ=,anglais,fr
Rk4e7247m5ZzW7W6jMSZPaz7clM=,anglais,fr
S9X+6bGLg1RxpKJFMkjgW9902ww=,anglais,fr
cVttPDmX3c/JkdvRzGYryxNL4DQ=,anglais,fr
Gnv9kWxRVXlwRNS2j5Wmrn0GwOY=,anglais,fr
d1tjz1mr8Itp9px13zVQddMfHrY=,anglais,fr
ljE8PNswqfwGarvTibzu9+C3aKY=,francais,fr
PtWjRbjx1wevqbu4AXQNn8T8++g=,francais,fr
J9fzgiNSkMronGWqZeMAmseOmZI=,francais,fr
BcbMaUTYagkAETzwJmM57Hw+Yao=,francais,fr
yVx5s04YykFDQXesty45G9qcjKs=,francais,fr
pLHyIeAausvLEWmpfxPAl8oHpKo=,francais,fr
S9X+6bGLg1RxpKJFMkjgW9902ww=,francais,fr
3BrPpz2q0hJguDFHXoHRRTMT3EA=,francais,fr
e1WUBEYcPclNYrL3OKd4MGnwL2A=,francais,fr
Gnv9kWxRVXlwRNS2j5Wmrn0GwOY=,francais,fr
Fu4bsgAbLpTsLYbRN4znkmLFvGg=,francais,fr
5boDSDHi1msoLLscATanUA3nyMs=,francais,fr
AhbglV4PLS6Cqon+QidHPSMpOuQ=,francais,fr
cmldwNItXhc/T562ctevao0huj0=,francais,fr
1/Rftf59Hd6wFVLYddpwN5huz4Y=,francais,fr
0DuJNnNoWxANjD3LRqPfqjjCRTc=,francais,fr
L3vKYk33+REiVi3I3IUg/Aphd9Q=,francais,fr
XROPkoDDLwG7KDXLPRlWkHA9GtU=,francais,fr
zptimvcPll8CH2qlCgUBD2dWItk=,francais,fr
nrPxP+ZZby2cWsavENorukuL+dU=,francais,fr
RNGb953zrtJ3d6HhCbaXIuezcco=,francais,fr
SC68espSKIa5VeCYptCpZw3/6uY=,francais,fr
xYq6g0mg0uxHNRVROv6Z9MFBBUM=,francais,fr
RAX/pnmobJm7t1zjdy1vgyJjRTc=,francais,fr
5cr3VK/whJDg7v6NzVIBJJ9ZMgo=,francais,fr
u7dE1BKfCYH6UhnlTfRRdDxF+Tk=,francais,fr
HiF2bmJujC23YnxpivMsjTXRdsk=,francais,fr
pX1FCDKDTpkhk9tUZJszPWNX0I0=,francais,fr
pkYrVF/m3Gfbcq6iPAUwHrfzUwo=,francais,fr
eHW1ARoTp32aaaFa1j3e4QfKSdQ=,francais,fr
R6l9iPsr0Hr2F6dAwy93rMjgT4g=,francais,fr
Ucf2739efILx/D2I5NaQwxhlj5o=,francais,fr
UgdbZwQ5pRx8OCByVMdxIuEwpPI=,francais,fr
n9iLqFvMQqOYrPNk1o5ZybsP+N4=,francais,fr
gO4pCKQ5/9qdUfaasn8OVj4wXcw=,francais,fr
0kg43Ug2jnXPnjO6V9V6rLR/ISc=,francais,fr
anuDLbV4imafe+KYIXvJGqKbtmw=,francais,fr
3hFHmYFaDqsCxaU9mTMMS67V870=,francais,fr
KL9xwPiTtrNXVnZf8W16imvrBjk=,francais,fr
tVQaQmtb3cm9Z1epUUza+tznhEA=,francais,fr
ZBw2eBB+s+LGqIN+1GydMRPIwgw=,francais,fr
12jrANO8QrvlVaqba32VkcG8GnU=,francais,fr
i6xnWkCEseUdirsN/g1LJ/HIs04=,francais,fr
QwX/U1D2E197WXPFWQA1sZTZvFU=,francais,fr
+FTsDHZEVij6S/YlUmkBAjxYX40=,francais,fr
JJoh1mA11siyCQUp0LNTNaSzwvc=,francais,fr
PkTIInnV9hQ+YqANUGGuW3njE+w=,francais,fr
d1tjz1mr8Itp9px13zVQddMfHrY=,francais,fr
zG4WhyWNAzGzgmbujKxb9NazN/Y=,francais,fr
RWxcnYTY5+p1+kodIlzAMwv8ZlE=,francais,fr
ibX58NPQ3cQnhiTnDKTCQK+JaMk=,francais,fr
gioLglZ2jsGrh272hTBeHhNGZsQ=,francais,fr
9Afrx7l/KS7dl0scojC4ScBXy9Y=,francais,fr
lC21zm/2gKkWMpRcOFk0QEJFwvE=,francais,fr
DEjPHfWVTIMGlQvW7h7ujmJmLog=,francais,fr
JdeJqsGDtY3s15tnL44WvGfxgsg=,francais,fr
OkoDLllG/ImQxD6Sh4S7qL3sGb0=,francais,fr
P3j8z2Tn6D4Y+32Am88DAYu85GQ=,francais,fr
cVttPDmX3c/JkdvRzGYryxNL4DQ=,francais,fr
kwhiA3oMF98fdJSnzWOSvdUiJ4c=,francais,fr
lOsNzU/gOfZXsu3iPR3WwLUN/Hw=,francais,fr
YKzDhQS3O3Q5BfEAI8tziG+g7aU=,francais,fr
zetRiCL0U1IGQqhg/RoTiLGb+OQ=,francais,fr
dIv8rTPYT91Ue2eNk5IvMFu/BVQ=,francais,fr
0NAijZp91uCeerJMgPOHlAmSytU=,francais,fr
1aAR53SMQInXnQ1sw6BbW9HaBU0=,francais,fr
GpKke9Bj93kKim+UX0K40slA4mU=,francais,fr
Rk4e7247m5ZzW7W6jMSZPaz7clM=,francais,fr
Q1TOpokt3fwHcC2Z/29GFAbzQaY=,francais,fr
OVF4/s8GtVh2sYbpSNflH5Sg8Yg=,francais,fr
fuvQx+Bolq5o776fSnI1xEbTF7I=,francais,fr
DcNXTEt/EIEgIrfvvTNlgXCp7fY=,francais,fr
YtC5gIw+ibaFzV26fU8C9fr/OXM=,francais,fr
4pYTeKj/wRdgSJ8TiUiHVXp85dQ=,francais,fr
AHwbDLJN/j3U0fBUkkvcc2VKr5E=,francais,fr
+kA//C9qAVGLtQascCuOayH13S0=,francais,fr
nrPxP+ZZby2cWsavENorukuL+dU=,math_1_2,fr
5cr3VK/whJDg7v6NzVIBJJ9ZMgo=,math_1_2,fr
Rk4e7247m5ZzW7W6jMSZPaz7clM=,math_1_2,fr
QwX/U1D2E197WXPFWQA1sZTZvFU=,math_1_2,fr
e1WUBEYcPclNYrL3OKd4MGnwL2A=,math_1_2,fr
tVQaQmtb3cm9Z1epUUza+tznhEA=,math_1_2,fr
M/AHhC36ez5h+YANMUXxavd2TVU=,math_1_2,fr
ZZwVZcrO0MA8RX8guqsjGEJe3KU=,math_1_2,fr
ibX58NPQ3cQnhiTnDKTCQK+JaMk=,math_1_2,fr
d6PU3e+xIUCrW2EcrrHMSOJl4uI=,math_1_2,fr
PkTIInnV9hQ+YqANUGGuW3njE+w=,math_1_2,fr
Hmh9IFgcb2xAxZFe9/e0UB7drsc=,math_1_2,fr
xYq6g0mg0uxHNRVROv6Z9MFBBUM=,math_1_2,fr
DcNXTEt/EIEgIrfvvTNlgXCp7fY=,math_1_2,fr
kwhiA3oMF98fdJSnzWOSvdUiJ4c=,math_1_2,fr
B07r7Z0JwBc2LXZ8wZafe8iGc20=,math_1_2,fr
KL9xwPiTtrNXVnZf8W16imvrBjk=,math_1_2,fr
5CAxENgSEwFMWw6WBVfCFzcuCJE=,math_1_2,fr
u7dE1BKfCYH6UhnlTfRRdDxF+Tk=,math_1_2,fr
dIv8rTPYT91Ue2eNk5IvMFu/BVQ=,math_1_2,fr
pLHyIeAausvLEWmpfxPAl8oHpKo=,math_1_2,fr
J9fzgiNSkMronGWqZeMAmseOmZI=,math_1_2,fr
1aAR53SMQInXnQ1sw6BbW9HaBU0=,math_1_2,fr
DEjPHfWVTIMGlQvW7h7ujmJmLog=,math_1_2,fr
YKzDhQS3O3Q5BfEAI8tziG+g7aU=,math_1_2,fr
lpZZhSclbZZdZv8wnXTRf1rqZqs=,math_1_2,fr
RNGb953zrtJ3d6HhCbaXIuezcco=,math_1_2,fr
EXlfidRiET7RFOj/FHPb+Xejo8M=,math_1_2,fr
JJoh1mA11siyCQUp0LNTNaSzwvc=,math_1_2,fr
wHaz5am4ZrcjiYxc5BCkU9bYkhI=,math_1_2,fr
Fu4bsgAbLpTsLYbRN4znkmLFvGg=,math_1_2,fr
wb/idogNa+tOqnsaxy6IQHSoGhQ=,math_1_2,fr
z7n0xwclHwXCTPFTkVhFdsJuIjg=,math_1_2,fr
n9iLqFvMQqOYrPNk1o5ZybsP+N4=,math_1_2,fr
ZvYc2OuhAc2wYLPdqjmCpAPfdRU=,math_1_2,fr
Kgus2gHPXin/RYsANLGrIXNTLAU=,math_1_2,fr
lC21zm/2gKkWMpRcOFk0QEJFwvE=,math_1_2,fr
5boDSDHi1msoLLscATanUA3nyMs=,math_1_2,fr
GpKke9Bj93kKim+UX0K40slA4mU=,math_1_2,fr
P3j8z2Tn6D4Y+32Am88DAYu85GQ=,math_1_2,fr
gO4pCKQ5/9qdUfaasn8OVj4wXcw=,math_1_2,fr
d1tjz1mr8Itp9px13zVQddMfHrY=,math_1_2,fr
+FTsDHZEVij6S/YlUmkBAjxYX40=,math_1_2,fr
OVF4/s8GtVh2sYbpSNflH5Sg8Yg=,math_1_2,fr
pX1FCDKDTpkhk9tUZJszPWNX0I0=,math_1_2,fr
PtWjRbjx1wevqbu4AXQNn8T8++g=,math_1_2,fr
SC68espSKIa5VeCYptCpZw3/6uY=,math_1_2,fr
CrLSv9YUIP620yvGfL0etlnSw4A=,math_1_2,fr
/Cdv04f54regdIJ4D/THAvWXnUA=,math_1_2,fr
McY3RyGWES9KNMdDHmO0rhZaa6g=,math_1_2,fr
RMlbX0VAA4QXQSyyl6h7jSZRZxg=,math_1_2,fr
R6l9iPsr0Hr2F6dAwy93rMjgT4g=,math_1_2,fr
eHW1ARoTp32aaaFa1j3e4QfKSdQ=,math_1_2,fr
RWxcnYTY5+p1+kodIlzAMwv8ZlE=,math_1_2,fr
yVx5s04YykFDQXesty45G9qcjKs=,math_1_2,fr
BUUxK/WXMJCFmy3wnPKw6avVqxM=,math_1_2,fr
SeDGBN1XUIGQlUt5Xktgepe2ghM=,math_1_2,fr
BcbMaUTYagkAETzwJmM57Hw+Yao=,math_1_2,fr
GqrR4wOPzE+gs/tgNhg5OBwh4hc=,math_1_2,fr
Xpfu90SbzkED136bJGadsFBf4zg=,math_1_2,fr
XROPkoDDLwG7KDXLPRlWkHA9GtU=,math_1_2,fr
3BrPpz2q0hJguDFHXoHRRTMT3EA=,math_1_2,fr
AhbglV4PLS6Cqon+QidHPSMpOuQ=,math_1_2,fr
+kA//C9qAVGLtQascCuOayH13S0=,math_1_2,fr
VvFRUkuGXkm7BFLOe+/Fkirw5D8=,math_1_2,fr
1fDW9rFaoBkD8wX1pDvzwFGTkLU=,math_1_2,fr
0FJLzharSFPd1pmNf/Dt25iXkVc=,math_1_2,fr
spCuR8ULdoBJ/+KqJ7KjtLy3/Ys=,math_1_2,fr
anuDLbV4imafe+KYIXvJGqKbtmw=,math_1_2,fr
l9X1MNGtOwoICbOo0OrA5B9SEFI=,math_1_2,fr
pkYrVF/m3Gfbcq6iPAUwHrfzUwo=,math_1_2,fr
i6xnWkCEseUdirsN/g1LJ/HIs04=,math_1_2,fr
ljE8PNswqfwGarvTibzu9+C3aKY=,math_1_2,fr
AHwbDLJN/j3U0fBUkkvcc2VKr5E=,math_1_2,fr
E7SfdlQpeezeQ3jyA6hBAqQ8GKE=,math_1_2,fr
ZZwVZcrO0MA8RX8guqsjGEJe3KU=,math_3_5,fr
3BrPpz2q0hJguDFHXoHRRTMT3EA=,math_3_5,fr
tVQaQmtb3cm9Z1epUUza+tznhEA=,math_3_5,fr
DcNXTEt/EIEgIrfvvTNlgXCp7fY=,math_3_5,fr
BcbMaUTYagkAETzwJmM57Hw+Yao=,math_3_5,fr
ZvYc2OuhAc2wYLPdqjmCpAPfdRU=,math_3_5,fr
GqrR4wOPzE+gs/tgNhg5OBwh4hc=,math_3_5,fr
KL9xwPiTtrNXVnZf8W16imvrBjk=,math_3_5,fr
Gnv9kWxRVXlwRNS2j5Wmrn0GwOY=,math_3_5,fr
Hmh9IFgcb2xAxZFe9/e0UB7drsc=,math_3_5,fr
JJoh1mA11siyCQUp0LNTNaSzwvc=,math_3_5,fr
cVttPDmX3c/JkdvRzGYryxNL4DQ=,math_3_5,fr
RNGb953zrtJ3d6HhCbaXIuezcco=,math_3_5,fr
z7n0xwclHwXCTPFTkVhFdsJuIjg=,math_3_5,fr
ujiGJD5NaOJcgdKrl+Mibg8G+h0=,math_3_5,fr
xYq6g0mg0uxHNRVROv6Z9MFBBUM=,math_3_5,fr
RWxcnYTY5+p1+kodIlzAMwv8ZlE=,math_3_5,fr
SC68espSKIa5VeCYptCpZw3/6uY=,math_3_5,fr
1aAR53SMQInXnQ1sw6BbW9HaBU0=,math_3_5,fr
pX1FCDKDTpkhk9tUZJszPWNX0I0=,math_3_5,fr
kwhiA3oMF98fdJSnzWOSvdUiJ4c=,math_3_5,fr
5cr3VK/whJDg7v6NzVIBJJ9ZMgo=,math_3_5,fr
i6xnWkCEseUdirsN/g1LJ/HIs04=,math_3_5,fr
S9X+6bGLg1RxpKJFMkjgW9902ww=,math_3_5,fr
nrPxP+ZZby2cWsavENorukuL+dU=,math_3_5,fr
J9fzgiNSkMronGWqZeMAmseOmZI=,math_3_5,fr
1fDW9rFaoBkD8wX1pDvzwFGTkLU=,math_3_5,fr
Fu4bsgAbLpTsLYbRN4znkmLFvGg=,math_3_5,fr
4pYTeKj/wRdgSJ8TiUiHVXp85dQ=,math_3_5,fr
OVF4/s8GtVh2sYbpSNflH5Sg8Yg=,math_3_5,fr
yVx5s04YykFDQXesty45G9qcjKs=,math_3_5,fr
+kA//C9qAVGLtQascCuOayH13S0=,math_3_5,fr
QwX/U1D2E197WXPFWQA1sZTZvFU=,math_3_5,fr
dIv8rTPYT91Ue2eNk5IvMFu/BVQ=,math_3_5,fr
EXlfidRiET7RFOj/FHPb+Xejo8M=,math_3_5,fr
1/Rftf59Hd6wFVLYddpwN5huz4Y=,math_3_5,fr
5boDSDHi1msoLLscATanUA3nyMs=,math_3_5,fr
/Cdv04f54regdIJ4D/THAvWXnUA=,math_3_5,fr
YtC5gIw+ibaFzV26fU8C9fr/OXM=,math_3_5,fr
d1tjz1mr8Itp9px13zVQddMfHrY=,math_3_5,fr
pLHyIeAausvLEWmpfxPAl8oHpKo=,math_3_5,fr
GpKke9Bj93kKim+UX0K40slA4mU=,math_3_5,fr
PtWjRbjx1wevqbu4AXQNn8T8++g=,math_3_5,fr
e1WUBEYcPclNYrL3OKd4MGnwL2A=,math_3_5,fr
YKzDhQS3O3Q5BfEAI8tziG+g7aU=,math_3_5,fr
0FJLzharSFPd1pmNf/Dt25iXkVc=,math_3_5,fr
Rk4e7247m5ZzW7W6jMSZPaz7clM=,math_3_5,fr
eHW1ARoTp32aaaFa1j3e4QfKSdQ=,math_3_5,fr
McY3RyGWES9KNMdDHmO0rhZaa6g=,math_3_5,fr
ibX58NPQ3cQnhiTnDKTCQK+JaMk=,math_3_5,fr
wb/idogNa+tOqnsaxy6IQHSoGhQ=,math_3_5,fr
HiF2bmJujC23YnxpivMsjTXRdsk=,math_3_5,fr
pkYrVF/m3Gfbcq6iPAUwHrfzUwo=,math_3_5,fr
Xpfu90SbzkED136bJGadsFBf4zg=,math_3_5,fr
Kgus2gHPXin/RYsANLGrIXNTLAU=,math_3_5,fr
qwQOUVE4X1AuCDzIF2cID12eHoM=,math_3_5,fr
B07r7Z0JwBc2LXZ8wZafe8iGc20=,math_3_5,fr
BUUxK/WXMJCFmy3wnPKw6avVqxM=,math_3_5,fr
9Afrx7l/KS7dl0scojC4ScBXy9Y=,math_3_5,fr
ljE8PNswqfwGarvTibzu9+C3aKY=,math_3_5,fr
wHaz5am4ZrcjiYxc5BCkU9bYkhI=,math_3_5,fr
l9X1MNGtOwoICbOo0OrA5B9SEFI=,math_3_5,fr
0NAijZp91uCeerJMgPOHlAmSytU=,math_3_5,fr
P3j8z2Tn6D4Y+32Am88DAYu85GQ=,math_3_5,fr
CrLSv9YUIP620yvGfL0etlnSw4A=,math_3_5,fr
+FTsDHZEVij6S/YlUmkBAjxYX40=,math_3_5,fr
XROPkoDDLwG7KDXLPRlWkHA9GtU=,math_3_5,fr
M/AHhC36ez5h+YANMUXxavd2TVU=,math_3_5,fr
lpZZhSclbZZdZv8wnXTRf1rqZqs=,math_3_5,fr
SeDGBN1XUIGQlUt5Xktgepe2ghM=,math_3_5,fr
gO4pCKQ5/9qdUfaasn8OVj4wXcw=,math_3_5,fr
HiF2bmJujC23YnxpivMsjTXRdsk=,sciences,fr
Gnv9kWxRVXlwRNS2j5Wmrn0GwOY=,sciences,fr
PkTIInnV9hQ+YqANUGGuW3njE+w=,sciences,fr
RNGb953zrtJ3d6HhCbaXIuezcco=,sciences,fr
5boDSDHi1msoLLscATanUA3nyMs=,sciences,fr
u7dE1BKfCYH6UhnlTfRRdDxF+Tk=,sciences,fr
D/Y/duMHiFIrKWWHAz8kR8hiXfg=,sciences,fr
5cr3VK/whJDg7v6NzVIBJJ9ZMgo=,sciences,fr
Hmh9IFgcb2xAxZFe9/e0UB7drsc=,sciences,fr
3hFHmYFaDqsCxaU9mTMMS67V870=,sciences,fr
EXlfidRiET7RFOj/FHPb+Xejo8M=,sciences,fr
AHwbDLJN/j3U0fBUkkvcc2VKr5E=,sciences,fr
9Afrx7l/KS7dl0scojC4ScBXy9Y=,sciences,fr
BcbMaUTYagkAETzwJmM57Hw+Yao=,sciences,fr
yVx5s04YykFDQXesty45G9qcjKs=,sciences,fr
SC68espSKIa5VeCYptCpZw3/6uY=,sciences,fr
sUG1PjypkAIn1lSJSXvOj58byUk=,sciences,fr
YKzDhQS3O3Q5BfEAI8tziG+g7aU=,sciences,fr
0kg43Ug2jnXPnjO6V9V6rLR/ISc=,sciences,fr
AhbglV4PLS6Cqon+QidHPSMpOuQ=,sciences,fr
1aAR53SMQInXnQ1sw6BbW9HaBU0=,sciences,fr
RMlbX0VAA4QXQSyyl6h7jSZRZxg=,sciences,fr
UgdbZwQ5pRx8OCByVMdxIuEwpPI=,sciences,fr
ibX58NPQ3cQnhiTnDKTCQK+JaMk=,sciences,fr
OVF4/s8GtVh2sYbpSNflH5Sg8Yg=,sciences,fr
/Cdv04f54regdIJ4D/THAvWXnUA=,sciences,fr
l9X1MNGtOwoICbOo0OrA5B9SEFI=,sciences,fr
d1tjz1mr8Itp9px13zVQddMfHrY=,sciences,fr
DEjPHfWVTIMGlQvW7h7ujmJmLog=,sciences,fr
zetRiCL0U1IGQqhg/RoTiLGb+OQ=,sciences,fr
S9X+6bGLg1RxpKJFMkjgW9902ww=,sciences,fr
1/Rftf59Hd6wFVLYddpwN5huz4Y=,sciences,fr
qwQOUVE4X1AuCDzIF2cID12eHoM=,sciences,fr
dXBAlFlVplOMk0wRR8cvn5I0QeE=,sciences,fr
+kA//C9qAVGLtQascCuOayH13S0=,sciences,fr
anuDLbV4imafe+KYIXvJGqKbtmw=,sciences,fr
SeDGBN1XUIGQlUt5Xktgepe2ghM=,sciences,fr
nrPxP+ZZby2cWsavENorukuL+dU=,sciences,fr
RWxcnYTY5+p1+kodIlzAMwv8ZlE=,sciences,fr
VvFRUkuGXkm7BFLOe+/Fkirw5D8=,sciences,fr
dIv8rTPYT91Ue2eNk5IvMFu/BVQ=,sciences,fr
pLHyIeAausvLEWmpfxPAl8oHpKo=,sciences,fr
6Ttqj8Hs76nNUAQwDprQ2MqCnqc=,sciences,fr
M/AHhC36ez5h+YANMUXxavd2TVU=,sciences,fr
4pYTeKj/wRdgSJ8TiUiHVXp85dQ=,sciences,fr
pX1FCDKDTpkhk9tUZJszPWNX0I0=,sciences,fr
ZvYc2OuhAc2wYLPdqjmCpAPfdRU=,sciences,fr
YtC5gIw+ibaFzV26fU8C9fr/OXM=,sciences,fr
DcNXTEt/EIEgIrfvvTNlgXCp7fY=,sciences,fr
KL9xwPiTtrNXVnZf8W16imvrBjk=,sciences,fr
P3j8z2Tn6D4Y+32Am88DAYu85GQ=,sciences,fr
KjaTF3mr0N9ysRr6dPimYaBbuqc=,sciences,fr
PtWjRbjx1wevqbu4AXQNn8T8++g=,sciences,fr
0FJLzharSFPd1pmNf/Dt25iXkVc=,sciences,fr
n9iLqFvMQqOYrPNk1o5ZybsP+N4=,sciences,fr
jUm6/XY/QPDlI+5IPF8bRLdNQ3A=,sciences,fr
fuvQx+Bolq5o776fSnI1xEbTF7I=,sciences,fr
BUUxK/WXMJCFmy3wnPKw6avVqxM=,sciences,fr
lpZZhSclbZZdZv8wnXTRf1rqZqs=,sciences,fr
gklvrrW+5+/rjLdfQA8ljAwP7os=,sciences,fr
ujiGJD5NaOJcgdKrl+Mibg8G+h0=,sciences,fr
spCuR8ULdoBJ/+KqJ7KjtLy3/Ys=,sciences,fr
wZSftUbxDpMAvQ8S6jvnbx6B4bY=,sciences,fr
i6xnWkCEseUdirsN/g1LJ/HIs04=,sciences,fr
3BrPpz2q0hJguDFHXoHRRTMT3EA=,sciences,fr
4tkEKGOwqVH5NugnwlWtkUYCr0s=,sciences,fr
Rk4e7247m5ZzW7W6jMSZPaz7clM=,sciences,fr
GpKke9Bj93kKim+UX0K40slA4mU=,sciences,fr
cVttPDmX3c/JkdvRzGYryxNL4DQ=,sciences,fr
QwX/U1D2E197WXPFWQA1sZTZvFU=,sciences,fr
5CAxENgSEwFMWw6WBVfCFzcuCJE=,sciences,fr
e1WUBEYcPclNYrL3OKd4MGnwL2A=,sciences,fr
m7YWc9HHdhsw79jx3qi8IykQ5ug=,sciences,fr
rrd7pIf8fDwaVFdXADaaWIyYlyw=,sciences,fr
wb/idogNa+tOqnsaxy6IQHSoGhQ=,sciences,fr
PtWjRbjx1wevqbu4AXQNn8T8++g=,francais_,fr
YtC5gIw+ibaFzV26fU8C9fr/OXM=,francais_,fr
Ucf2739efILx/D2I5NaQwxhlj5o=,francais_,fr
jUm6/XY/QPDlI+5IPF8bRLdNQ3A=,histoire_,fr
BvW4mlkpd/wF5kaC1H15FCrhiT4=,null_null,fr
SDrtrQIxhO09ITcVNQF/1y+ULWo=,null_null,fr
HiF2bmJujC23YnxpivMsjTXRdsk=,physique_,fr
qwQOUVE4X1AuCDzIF2cID12eHoM=,physique_,fr
HiF2bmJujC23YnxpivMsjTXRdsk=,sciences_,fr
wZSftUbxDpMAvQ8S6jvnbx6B4bY=,geo_histoire,fr
4pYTeKj/wRdgSJ8TiUiHVXp85dQ=,geo_histoire,fr
0DuJNnNoWxANjD3LRqPfqjjCRTc=,geo_histoire,fr
sUG1PjypkAIn1lSJSXvOj58byUk=,geo_histoire,fr
zG4WhyWNAzGzgmbujKxb9NazN/Y=,geo_histoire,fr
u7dE1BKfCYH6UhnlTfRRdDxF+Tk=,geo_histoire,fr
RNGb953zrtJ3d6HhCbaXIuezcco=,geo_histoire,fr
qwQOUVE4X1AuCDzIF2cID12eHoM=,geo_histoire,fr
YKzDhQS3O3Q5BfEAI8tziG+g7aU=,geo_histoire,fr
cVttPDmX3c/JkdvRzGYryxNL4DQ=,geo_histoire,fr
GpKke9Bj93kKim+UX0K40slA4mU=,geo_histoire,fr
5cr3VK/whJDg7v6NzVIBJJ9ZMgo=,geo_histoire,fr
HiF2bmJujC23YnxpivMsjTXRdsk=,geo_histoire,fr
i6xnWkCEseUdirsN/g1LJ/HIs04=,geo_histoire,fr
pX1FCDKDTpkhk9tUZJszPWNX0I0=,geo_histoire,fr
xGl0VKKG5q8tu9A2MXU8ic6rtR0=,geo_histoire,fr
UgdbZwQ5pRx8OCByVMdxIuEwpPI=,geo_histoire,fr
gioLglZ2jsGrh272hTBeHhNGZsQ=,geo_histoire,fr
dIv8rTPYT91Ue2eNk5IvMFu/BVQ=,geo_histoire,fr
nrPxP+ZZby2cWsavENorukuL+dU=,geo_histoire,fr
SC68espSKIa5VeCYptCpZw3/6uY=,geo_histoire,fr
dXBAlFlVplOMk0wRR8cvn5I0QeE=,geo_histoire,fr
6Ttqj8Hs76nNUAQwDprQ2MqCnqc=,geo_histoire,fr
AhbglV4PLS6Cqon+QidHPSMpOuQ=,geo_histoire,fr
Gnv9kWxRVXlwRNS2j5Wmrn0GwOY=,geo_histoire,fr
anuDLbV4imafe+KYIXvJGqKbtmw=,geo_histoire,fr
spCuR8ULdoBJ/+KqJ7KjtLy3/Ys=,geo_histoire,fr
AHwbDLJN/j3U0fBUkkvcc2VKr5E=,geo_histoire,fr
KL9xwPiTtrNXVnZf8W16imvrBjk=,geo_histoire,fr
atG4rKAA3DKMvrtW3z2zVBi4jiA=,geo_histoire,fr
OO/zUPCNWRO3kNf5JrLIet082Kg=,geo_histoire,fr
d1tjz1mr8Itp9px13zVQddMfHrY=,geo_histoire,fr
jUm6/XY/QPDlI+5IPF8bRLdNQ3A=,geo_histoire,fr
YtC5gIw+ibaFzV26fU8C9fr/OXM=,geo_histoire,fr
9Afrx7l/KS7dl0scojC4ScBXy9Y=,geo_histoire,fr
zj6mcH34nXDVTzAmm2AXOGqT5lo=,math_primaire,fr
SDrtrQIxhO09ITcVNQF/1y+ULWo=,math_primaire,fr
PkTIInnV9hQ+YqANUGGuW3njE+w=,math_primaire,fr
1aAR53SMQInXnQ1sw6BbW9HaBU0=,math_primaire,fr
CrLSv9YUIP620yvGfL0etlnSw4A=,math_primaire,fr
mZHnKRVcD7gLVGCNcz/L+Aa5lXQ=,math_primaire,fr
Hmh9IFgcb2xAxZFe9/e0UB7drsc=,math_primaire,fr
DEjPHfWVTIMGlQvW7h7ujmJmLog=,math_primaire,fr
ljE8PNswqfwGarvTibzu9+C3aKY=,math_primaire,fr
AHwbDLJN/j3U0fBUkkvcc2VKr5E=,math_primaire,fr
zetRiCL0U1IGQqhg/RoTiLGb+OQ=,math_primaire,fr
E7SfdlQpeezeQ3jyA6hBAqQ8GKE=,math_primaire,fr
wHaz5am4ZrcjiYxc5BCkU9bYkhI=,math_primaire,fr
d6PU3e+xIUCrW2EcrrHMSOJl4uI=,math_primaire,fr
kwhiA3oMF98fdJSnzWOSvdUiJ4c=,math_primaire,fr
3BrPpz2q0hJguDFHXoHRRTMT3EA=,math_primaire,fr
1/Rftf59Hd6wFVLYddpwN5huz4Y=,math_primaire,fr
ZBw2eBB+s+LGqIN+1GydMRPIwgw=,math_primaire,fr
5Pqz1c6FnvMpR+xLc80rWKFUX1Q=,math_primaire,fr
+kA//C9qAVGLtQascCuOayH13S0=,math_primaire,fr
JJoh1mA11siyCQUp0LNTNaSzwvc=,math_primaire,fr
4pYTeKj/wRdgSJ8TiUiHVXp85dQ=,math_primaire,fr
Kgus2gHPXin/RYsANLGrIXNTLAU=,math_primaire,fr
Q1TOpokt3fwHcC2Z/29GFAbzQaY=,math_primaire,fr
GqrR4wOPzE+gs/tgNhg5OBwh4hc=,math_primaire,fr
QwX/U1D2E197WXPFWQA1sZTZvFU=,math_primaire,fr
zptimvcPll8CH2qlCgUBD2dWItk=,math_primaire,fr
QCuwKXEype1aPX+1ubv3ops0fKQ=,math_primaire,fr
0DuJNnNoWxANjD3LRqPfqjjCRTc=,math_primaire,fr
OkoDLllG/ImQxD6Sh4S7qL3sGb0=,math_primaire,fr
BvW4mlkpd/wF5kaC1H15FCrhiT4=,math_primaire,fr
1fDW9rFaoBkD8wX1pDvzwFGTkLU=,math_primaire,fr
Ucf2739efILx/D2I5NaQwxhlj5o=,math_primaire,fr
Fu4bsgAbLpTsLYbRN4znkmLFvGg=,math_primaire,fr
5CAxENgSEwFMWw6WBVfCFzcuCJE=,math_primaire,fr
SC68espSKIa5VeCYptCpZw3/6uY=,math_primaire,fr
HiF2bmJujC23YnxpivMsjTXRdsk=,math_primaire,fr
OIScMEXTy8Id9Hu9CqszBUGfiD0=,math_primaire,fr
AhbglV4PLS6Cqon+QidHPSMpOuQ=,math_primaire,fr
+FTsDHZEVij6S/YlUmkBAjxYX40=,math_primaire,fr
RAX/pnmobJm7t1zjdy1vgyJjRTc=,math_primaire,fr
lOsNzU/gOfZXsu3iPR3WwLUN/Hw=,math_primaire,fr
GpKke9Bj93kKim+UX0K40slA4mU=,math_primaire,fr
wb/idogNa+tOqnsaxy6IQHSoGhQ=,math_primaire,fr
n9iLqFvMQqOYrPNk1o5ZybsP+N4=,math_primaire,fr
pkYrVF/m3Gfbcq6iPAUwHrfzUwo=,math_primaire,fr
d1tjz1mr8Itp9px13zVQddMfHrY=,math_primaire,fr
KL9xwPiTtrNXVnZf8W16imvrBjk=,math_primaire,fr
cmldwNItXhc/T562ctevao0huj0=,math_primaire,fr
L3vKYk33+REiVi3I3IUg/Aphd9Q=,math_primaire,fr
i6xnWkCEseUdirsN/g1LJ/HIs04=,math_primaire,fr
SeDGBN1XUIGQlUt5Xktgepe2ghM=,math_primaire,fr
OVF4/s8GtVh2sYbpSNflH5Sg8Yg=,math_primaire,fr
RWxcnYTY5+p1+kodIlzAMwv8ZlE=,math_primaire,fr
M/AHhC36ez5h+YANMUXxavd2TVU=,math_primaire,fr
XROPkoDDLwG7KDXLPRlWkHA9GtU=,math_primaire,fr
dXBAlFlVplOMk0wRR8cvn5I0QeE=,math_primaire,fr
yVx5s04YykFDQXesty45G9qcjKs=,math_primaire,fr
YUMJ4jTI/eXe9ltaY4uupx8WaSo=,math_primaire,fr
lM9d8KaugYNMOZWo7TCbpv7A0Tw=,math_primaire,fr
PtWjRbjx1wevqbu4AXQNn8T8++g=,math_primaire,fr
anuDLbV4imafe+KYIXvJGqKbtmw=,math_primaire,fr
winQQQwwj13Z66ptw4BqTmld9Cw=,math_primaire,fr
z7n0xwclHwXCTPFTkVhFdsJuIjg=,math_primaire,fr
wZSftUbxDpMAvQ8S6jvnbx6B4bY=,math_primaire,fr
Xpfu90SbzkED136bJGadsFBf4zg=,math_primaire,fr
ujiGJD5NaOJcgdKrl+Mibg8G+h0=,math_primaire,fr
YtC5gIw+ibaFzV26fU8C9fr/OXM=,math_primaire,fr
0kg43Ug2jnXPnjO6V9V6rLR/ISc=,math_primaire,fr
cVttPDmX3c/JkdvRzGYryxNL4DQ=,math_primaire,fr
atG4rKAA3DKMvrtW3z2zVBi4jiA=,math_primaire,fr
R6l9iPsr0Hr2F6dAwy93rMjgT4g=,math_primaire,fr
YKzDhQS3O3Q5BfEAI8tziG+g7aU=,math_primaire,fr
J9fzgiNSkMronGWqZeMAmseOmZI=,math_primaire,fr
4tkEKGOwqVH5NugnwlWtkUYCr0s=,math_primaire,fr
Rk4e7247m5ZzW7W6jMSZPaz7clM=,math_primaire,fr
gioLglZ2jsGrh272hTBeHhNGZsQ=,math_primaire,fr
UgdbZwQ5pRx8OCByVMdxIuEwpPI=,math_primaire,fr
zG4WhyWNAzGzgmbujKxb9NazN/Y=,math_primaire,fr
pX1FCDKDTpkhk9tUZJszPWNX0I0=,math_primaire,fr
dIv8rTPYT91Ue2eNk5IvMFu/BVQ=,math_primaire,fr
RAX/pnmobJm7t1zjdy1vgyJjRTc=,math_secondaire,fr
1aAR53SMQInXnQ1sw6BbW9HaBU0=,math_secondaire,fr
0FJLzharSFPd1pmNf/Dt25iXkVc=,math_secondaire,fr
GpKke9Bj93kKim+UX0K40slA4mU=,math_secondaire,fr
wb/idogNa+tOqnsaxy6IQHSoGhQ=,math_secondaire,fr
xYq6g0mg0uxHNRVROv6Z9MFBBUM=,math_secondaire,fr
DEjPHfWVTIMGlQvW7h7ujmJmLog=,math_secondaire,fr
R6l9iPsr0Hr2F6dAwy93rMjgT4g=,anglais_primaire,fr
UgdbZwQ5pRx8OCByVMdxIuEwpPI=,anglais_primaire,fr
SeDGBN1XUIGQlUt5Xktgepe2ghM=,anglais_primaire,fr
gioLglZ2jsGrh272hTBeHhNGZsQ=,anglais_primaire,fr
JJoh1mA11siyCQUp0LNTNaSzwvc=,anglais_primaire,fr
dIv8rTPYT91Ue2eNk5IvMFu/BVQ=,anglais_primaire,fr
anuDLbV4imafe+KYIXvJGqKbtmw=,anglais_primaire,fr
zG4WhyWNAzGzgmbujKxb9NazN/Y=,anglais_primaire,fr
YtC5gIw+ibaFzV26fU8C9fr/OXM=,anglais_primaire,fr
cVttPDmX3c/JkdvRzGYryxNL4DQ=,anglais_primaire,fr
mZHnKRVcD7gLVGCNcz/L+Aa5lXQ=,anglais_primaire,fr
Rk4e7247m5ZzW7W6jMSZPaz7clM=,anglais_primaire,fr
SDrtrQIxhO09ITcVNQF/1y+ULWo=,anglais_primaire,fr
S9X+6bGLg1RxpKJFMkjgW9902ww=,anglais_primaire,fr
d1tjz1mr8Itp9px13zVQddMfHrY=,anglais_primaire,fr
l9X1MNGtOwoICbOo0OrA5B9SEFI=,anglais_primaire,fr
e1WUBEYcPclNYrL3OKd4MGnwL2A=,anglais_primaire,fr
RNGb953zrtJ3d6HhCbaXIuezcco=,anglais_primaire,fr
Gnv9kWxRVXlwRNS2j5Wmrn0GwOY=,anglais_primaire,fr
E7SfdlQpeezeQ3jyA6hBAqQ8GKE=,anglais_primaire,fr
zptimvcPll8CH2qlCgUBD2dWItk=,anglais_primaire,fr
ZBw2eBB+s+LGqIN+1GydMRPIwgw=,anglais_primaire,fr
5CAxENgSEwFMWw6WBVfCFzcuCJE=,anglais_primaire,fr
atG4rKAA3DKMvrtW3z2zVBi4jiA=,anglais_primaire,fr
KL9xwPiTtrNXVnZf8W16imvrBjk=,anglais_primaire,fr
PtWjRbjx1wevqbu4AXQNn8T8++g=,anglais_primaire,fr
RAX/pnmobJm7t1zjdy1vgyJjRTc=,anglais_primaire,fr
GpKke9Bj93kKim+UX0K40slA4mU=,anglais_primaire,fr
QClRsOBOs0gtarJEafwJlr3EMR0=,anglais_primaire,fr
lOsNzU/gOfZXsu3iPR3WwLUN/Hw=,anglais_primaire,fr
PkTIInnV9hQ+YqANUGGuW3njE+w=,anglais_primaire,fr
0NAijZp91uCeerJMgPOHlAmSytU=,anglais_primaire,fr
QCuwKXEype1aPX+1ubv3ops0fKQ=,anglais_primaire,fr
YKzDhQS3O3Q5BfEAI8tziG+g7aU=,anglais_primaire,fr
AHwbDLJN/j3U0fBUkkvcc2VKr5E=,anglais_primaire,fr
wZSftUbxDpMAvQ8S6jvnbx6B4bY=,anglais_primaire,fr
AhbglV4PLS6Cqon+QidHPSMpOuQ=,anglais_primaire,fr
Ucf2739efILx/D2I5NaQwxhlj5o=,anglais_primaire,fr
+kA//C9qAVGLtQascCuOayH13S0=,chimie_secondaire,fr
AHwbDLJN/j3U0fBUkkvcc2VKr5E=,chimie_secondaire,fr
4tkEKGOwqVH5NugnwlWtkUYCr0s=,chimie_secondaire,fr
JJoh1mA11siyCQUp0LNTNaSzwvc=,chimie_secondaire,fr
5Pqz1c6FnvMpR+xLc80rWKFUX1Q=,chimie_secondaire,fr
3hFHmYFaDqsCxaU9mTMMS67V870=,chimie_secondaire,fr
BUUxK/WXMJCFmy3wnPKw6avVqxM=,chimie_secondaire,fr
Rk4e7247m5ZzW7W6jMSZPaz7clM=,chimie_secondaire,fr
SC68espSKIa5VeCYptCpZw3/6uY=,chimie_secondaire,fr
xGl0VKKG5q8tu9A2MXU8ic6rtR0=,chimie_secondaire,fr
qwQOUVE4X1AuCDzIF2cID12eHoM=,chimie_secondaire,fr
5boDSDHi1msoLLscATanUA3nyMs=,chimie_secondaire,fr
zptimvcPll8CH2qlCgUBD2dWItk=,chimie_secondaire,fr
RAX/pnmobJm7t1zjdy1vgyJjRTc=,chimie_secondaire,fr
anuDLbV4imafe+KYIXvJGqKbtmw=,chimie_secondaire,fr
KL9xwPiTtrNXVnZf8W16imvrBjk=,chimie_secondaire,fr
dIv8rTPYT91Ue2eNk5IvMFu/BVQ=,chimie_secondaire,fr
RNGb953zrtJ3d6HhCbaXIuezcco=,chimie_secondaire,fr
PtWjRbjx1wevqbu4AXQNn8T8++g=,chimie_secondaire,fr
m7YWc9HHdhsw79jx3qi8IykQ5ug=,chimie_secondaire,fr
6Ttqj8Hs76nNUAQwDprQ2MqCnqc=,chimie_secondaire,fr
nrPxP+ZZby2cWsavENorukuL+dU=,chimie_secondaire,fr
3BrPpz2q0hJguDFHXoHRRTMT3EA=,chimie_secondaire,fr
gklvrrW+5+/rjLdfQA8ljAwP7os=,chimie_secondaire,fr
RMlbX0VAA4QXQSyyl6h7jSZRZxg=,chimie_secondaire,fr
mCRXkmAjr0B1b4AFQ4S/yEQD9ZI=,chimie_secondaire,fr
0FJLzharSFPd1pmNf/Dt25iXkVc=,chimie_secondaire,fr
yVx5s04YykFDQXesty45G9qcjKs=,chimie_secondaire,fr
YKzDhQS3O3Q5BfEAI8tziG+g7aU=,chimie_secondaire,fr
d1tjz1mr8Itp9px13zVQddMfHrY=,chimie_secondaire,fr
Gnv9kWxRVXlwRNS2j5Wmrn0GwOY=,chimie_secondaire,fr
1/Rftf59Hd6wFVLYddpwN5huz4Y=,chimie_secondaire,fr
DEjPHfWVTIMGlQvW7h7ujmJmLog=,chimie_secondaire,fr
9Afrx7l/KS7dl0scojC4ScBXy9Y=,chimie_secondaire,fr
rrd7pIf8fDwaVFdXADaaWIyYlyw=,chimie_secondaire,fr
dXBAlFlVplOMk0wRR8cvn5I0QeE=,chimie_secondaire,fr
DcNXTEt/EIEgIrfvvTNlgXCp7fY=,chimie_secondaire,fr
ibX58NPQ3cQnhiTnDKTCQK+JaMk=,chimie_secondaire,fr
sUG1PjypkAIn1lSJSXvOj58byUk=,chimie_secondaire,fr
5cr3VK/whJDg7v6NzVIBJJ9ZMgo=,chimie_secondaire,fr
RWxcnYTY5+p1+kodIlzAMwv8ZlE=,chimie_secondaire,fr
P3j8z2Tn6D4Y+32Am88DAYu85GQ=,chimie_secondaire,fr
Kgus2gHPXin/RYsANLGrIXNTLAU=,chimie_secondaire,fr
ujiGJD5NaOJcgdKrl+Mibg8G+h0=,chimie_secondaire,fr
4pYTeKj/wRdgSJ8TiUiHVXp85dQ=,chimie_secondaire,fr
fuvQx+Bolq5o776fSnI1xEbTF7I=,chimie_secondaire,fr
SDrtrQIxhO09ITcVNQF/1y+ULWo=,chimie_secondaire,fr
HiF2bmJujC23YnxpivMsjTXRdsk=,chimie_secondaire,fr
l9X1MNGtOwoICbOo0OrA5B9SEFI=,chimie_secondaire,fr
VvFRUkuGXkm7BFLOe+/Fkirw5D8=,chimie_secondaire,fr
e1WUBEYcPclNYrL3OKd4MGnwL2A=,chimie_secondaire,fr
wb/idogNa+tOqnsaxy6IQHSoGhQ=,chimie_secondaire,fr
D/Y/duMHiFIrKWWHAz8kR8hiXfg=,chimie_secondaire,fr
pX1FCDKDTpkhk9tUZJszPWNX0I0=,chimie_secondaire,fr
GpKke9Bj93kKim+UX0K40slA4mU=,chimie_secondaire,fr
KjaTF3mr0N9ysRr6dPimYaBbuqc=,chimie_secondaire,fr
S9X+6bGLg1RxpKJFMkjgW9902ww=,francais_primaire,fr
RNGb953zrtJ3d6HhCbaXIuezcco=,francais_primaire,fr
SDrtrQIxhO09ITcVNQF/1y+ULWo=,francais_primaire,fr
xGl0VKKG5q8tu9A2MXU8ic6rtR0=,francais_primaire,fr
Q1TOpokt3fwHcC2Z/29GFAbzQaY=,francais_primaire,fr
5Pqz1c6FnvMpR+xLc80rWKFUX1Q=,francais_primaire,fr
M/AHhC36ez5h+YANMUXxavd2TVU=,francais_primaire,fr
PkTIInnV9hQ+YqANUGGuW3njE+w=,francais_primaire,fr
lM9d8KaugYNMOZWo7TCbpv7A0Tw=,francais_primaire,fr
QCuwKXEype1aPX+1ubv3ops0fKQ=,francais_primaire,fr
lOsNzU/gOfZXsu3iPR3WwLUN/Hw=,francais_primaire,fr
1/Rftf59Hd6wFVLYddpwN5huz4Y=,francais_primaire,fr
wZSftUbxDpMAvQ8S6jvnbx6B4bY=,francais_primaire,fr
atG4rKAA3DKMvrtW3z2zVBi4jiA=,francais_primaire,fr
pX1FCDKDTpkhk9tUZJszPWNX0I0=,francais_primaire,fr
HiF2bmJujC23YnxpivMsjTXRdsk=,francais_primaire,fr
anuDLbV4imafe+KYIXvJGqKbtmw=,francais_primaire,fr
cmldwNItXhc/T562ctevao0huj0=,francais_primaire,fr
mZHnKRVcD7gLVGCNcz/L+Aa5lXQ=,francais_primaire,fr
0DuJNnNoWxANjD3LRqPfqjjCRTc=,francais_primaire,fr
KL9xwPiTtrNXVnZf8W16imvrBjk=,francais_primaire,fr
AhbglV4PLS6Cqon+QidHPSMpOuQ=,francais_primaire,fr
sUG1PjypkAIn1lSJSXvOj58byUk=,francais_primaire,fr
d6PU3e+xIUCrW2EcrrHMSOJl4uI=,francais_primaire,fr
gioLglZ2jsGrh272hTBeHhNGZsQ=,francais_primaire,fr
Ucf2739efILx/D2I5NaQwxhlj5o=,francais_primaire,fr
UgdbZwQ5pRx8OCByVMdxIuEwpPI=,francais_primaire,fr
YKzDhQS3O3Q5BfEAI8tziG+g7aU=,francais_primaire,fr
AHwbDLJN/j3U0fBUkkvcc2VKr5E=,francais_primaire,fr
d1tjz1mr8Itp9px13zVQddMfHrY=,francais_primaire,fr
cVttPDmX3c/JkdvRzGYryxNL4DQ=,francais_primaire,fr
OVF4/s8GtVh2sYbpSNflH5Sg8Yg=,francais_primaire,fr
R6l9iPsr0Hr2F6dAwy93rMjgT4g=,francais_primaire,fr
ZBw2eBB+s+LGqIN+1GydMRPIwgw=,francais_primaire,fr
E7SfdlQpeezeQ3jyA6hBAqQ8GKE=,francais_primaire,fr
YtC5gIw+ibaFzV26fU8C9fr/OXM=,francais_primaire,fr
DEjPHfWVTIMGlQvW7h7ujmJmLog=,francais_primaire,fr
zptimvcPll8CH2qlCgUBD2dWItk=,francais_primaire,fr
Gnv9kWxRVXlwRNS2j5Wmrn0GwOY=,francais_primaire,fr
RAX/pnmobJm7t1zjdy1vgyJjRTc=,francais_primaire,fr
PtWjRbjx1wevqbu4AXQNn8T8++g=,francais_primaire,fr
n9iLqFvMQqOYrPNk1o5ZybsP+N4=,francais_primaire,fr
GpKke9Bj93kKim+UX0K40slA4mU=,francais_primaire,fr
0kg43Ug2jnXPnjO6V9V6rLR/ISc=,francais_primaire,fr
lC21zm/2gKkWMpRcOFk0QEJFwvE=,francais_primaire,fr
u7dE1BKfCYH6UhnlTfRRdDxF+Tk=,francais_primaire,fr
DcNXTEt/EIEgIrfvvTNlgXCp7fY=,francais_primaire,fr
0NAijZp91uCeerJMgPOHlAmSytU=,francais_primaire,fr
4tkEKGOwqVH5NugnwlWtkUYCr0s=,francais_primaire,fr
i6xnWkCEseUdirsN/g1LJ/HIs04=,francais_primaire,fr
1aAR53SMQInXnQ1sw6BbW9HaBU0=,francais_primaire,fr
Rk4e7247m5ZzW7W6jMSZPaz7clM=,francais_primaire,fr
OkoDLllG/ImQxD6Sh4S7qL3sGb0=,francais_primaire,fr
RhNz0ztt/ElIgYeSUBmPNyidUiU=,francais_primaire,fr
L3vKYk33+REiVi3I3IUg/Aphd9Q=,francais_primaire,fr
dIv8rTPYT91Ue2eNk5IvMFu/BVQ=,francais_primaire,fr
UgdbZwQ5pRx8OCByVMdxIuEwpPI=,histoire_primaire,fr
QCuwKXEype1aPX+1ubv3ops0fKQ=,histoire_primaire,fr
ZBw2eBB+s+LGqIN+1GydMRPIwgw=,histoire_primaire,fr
Rk4e7247m5ZzW7W6jMSZPaz7clM=,histoire_primaire,fr
Gnv9kWxRVXlwRNS2j5Wmrn0GwOY=,histoire_primaire,fr
dIv8rTPYT91Ue2eNk5IvMFu/BVQ=,histoire_primaire,fr
atG4rKAA3DKMvrtW3z2zVBi4jiA=,histoire_primaire,fr
Ucf2739efILx/D2I5NaQwxhlj5o=,histoire_primaire,fr
4pYTeKj/wRdgSJ8TiUiHVXp85dQ=,histoire_primaire,fr
wZSftUbxDpMAvQ8S6jvnbx6B4bY=,histoire_primaire,fr
YKzDhQS3O3Q5BfEAI8tziG+g7aU=,histoire_primaire,fr
cVttPDmX3c/JkdvRzGYryxNL4DQ=,histoire_primaire,fr
BvW4mlkpd/wF5kaC1H15FCrhiT4=,histoire_primaire,fr
RNGb953zrtJ3d6HhCbaXIuezcco=,histoire_primaire,fr
RWxcnYTY5+p1+kodIlzAMwv8ZlE=,histoire_primaire,fr
mZHnKRVcD7gLVGCNcz/L+Aa5lXQ=,histoire_primaire,fr
i6xnWkCEseUdirsN/g1LJ/HIs04=,histoire_primaire,fr
0kg43Ug2jnXPnjO6V9V6rLR/ISc=,histoire_primaire,fr
L3vKYk33+REiVi3I3IUg/Aphd9Q=,histoire_primaire,fr
0NAijZp91uCeerJMgPOHlAmSytU=,histoire_primaire,fr
dXBAlFlVplOMk0wRR8cvn5I0QeE=,histoire_primaire,fr
anuDLbV4imafe+KYIXvJGqKbtmw=,histoire_primaire,fr
PkTIInnV9hQ+YqANUGGuW3njE+w=,histoire_primaire,fr
R6l9iPsr0Hr2F6dAwy93rMjgT4g=,histoire_primaire,fr
zG4WhyWNAzGzgmbujKxb9NazN/Y=,histoire_primaire,fr
JdeJqsGDtY3s15tnL44WvGfxgsg=,histoire_primaire,fr
AhbglV4PLS6Cqon+QidHPSMpOuQ=,histoire_primaire,fr
S9X+6bGLg1RxpKJFMkjgW9902ww=,histoire_primaire,fr
zptimvcPll8CH2qlCgUBD2dWItk=,histoire_primaire,fr
xGl0VKKG5q8tu9A2MXU8ic6rtR0=,histoire_primaire,fr
OkoDLllG/ImQxD6Sh4S7qL3sGb0=,histoire_primaire,fr
jUm6/XY/QPDlI+5IPF8bRLdNQ3A=,histoire_primaire,fr
0DuJNnNoWxANjD3LRqPfqjjCRTc=,histoire_primaire,fr
YtC5gIw+ibaFzV26fU8C9fr/OXM=,histoire_primaire,fr
YKzDhQS3O3Q5BfEAI8tziG+g7aU=,physique_primaire,fr
RMlbX0VAA4QXQSyyl6h7jSZRZxg=,physique_primaire,fr
3BrPpz2q0hJguDFHXoHRRTMT3EA=,physique_primaire,fr
qwQOUVE4X1AuCDzIF2cID12eHoM=,physique_primaire,fr
e1WUBEYcPclNYrL3OKd4MGnwL2A=,physique_primaire,fr
HiF2bmJujC23YnxpivMsjTXRdsk=,physique_primaire,fr
5boDSDHi1msoLLscATanUA3nyMs=,physique_primaire,fr
M/AHhC36ez5h+YANMUXxavd2TVU=,sciences_primaire,fr
lOsNzU/gOfZXsu3iPR3WwLUN/Hw=,sciences_primaire,fr
YtC5gIw+ibaFzV26fU8C9fr/OXM=,sciences_primaire,fr
DcNXTEt/EIEgIrfvvTNlgXCp7fY=,sciences_primaire,fr
KjaTF3mr0N9ysRr6dPimYaBbuqc=,sciences_primaire,fr
SDrtrQIxhO09ITcVNQF/1y+ULWo=,sciences_primaire,fr
Rk4e7247m5ZzW7W6jMSZPaz7clM=,sciences_primaire,fr
3hFHmYFaDqsCxaU9mTMMS67V870=,sciences_primaire,fr
6Ttqj8Hs76nNUAQwDprQ2MqCnqc=,sciences_primaire,fr
AhbglV4PLS6Cqon+QidHPSMpOuQ=,sciences_primaire,fr
wb/idogNa+tOqnsaxy6IQHSoGhQ=,sciences_primaire,fr
winQQQwwj13Z66ptw4BqTmld9Cw=,sciences_primaire,fr
UgdbZwQ5pRx8OCByVMdxIuEwpPI=,sciences_primaire,fr
anuDLbV4imafe+KYIXvJGqKbtmw=,sciences_primaire,fr
YKzDhQS3O3Q5BfEAI8tziG+g7aU=,sciences_primaire,fr
9Afrx7l/KS7dl0scojC4ScBXy9Y=,sciences_primaire,fr
4tkEKGOwqVH5NugnwlWtkUYCr0s=,sciences_primaire,fr
DEjPHfWVTIMGlQvW7h7ujmJmLog=,sciences_primaire,fr
D/Y/duMHiFIrKWWHAz8kR8hiXfg=,sciences_primaire,fr
PkTIInnV9hQ+YqANUGGuW3njE+w=,sciences_primaire,fr
0kg43Ug2jnXPnjO6V9V6rLR/ISc=,sciences_primaire,fr
L3vKYk33+REiVi3I3IUg/Aphd9Q=,sciences_primaire,fr
P3j8z2Tn6D4Y+32Am88DAYu85GQ=,sciences_primaire,fr
OkoDLllG/ImQxD6Sh4S7qL3sGb0=,sciences_primaire,fr
5boDSDHi1msoLLscATanUA3nyMs=,sciences_primaire,fr
5CAxENgSEwFMWw6WBVfCFzcuCJE=,sciences_primaire,fr
3BrPpz2q0hJguDFHXoHRRTMT3EA=,sciences_primaire,fr
GpKke9Bj93kKim+UX0K40slA4mU=,sciences_primaire,fr
1/Rftf59Hd6wFVLYddpwN5huz4Y=,sciences_primaire,fr
JJoh1mA11siyCQUp0LNTNaSzwvc=,sciences_primaire,fr
ujiGJD5NaOJcgdKrl+Mibg8G+h0=,sciences_primaire,fr
+FTsDHZEVij6S/YlUmkBAjxYX40=,sciences_primaire,fr
R6l9iPsr0Hr2F6dAwy93rMjgT4g=,sciences_primaire,fr
wZSftUbxDpMAvQ8S6jvnbx6B4bY=,sciences_primaire,fr
4pYTeKj/wRdgSJ8TiUiHVXp85dQ=,sciences_primaire,fr
QCuwKXEype1aPX+1ubv3ops0fKQ=,sciences_primaire,fr
RMlbX0VAA4QXQSyyl6h7jSZRZxg=,sciences_primaire,fr
mZHnKRVcD7gLVGCNcz/L+Aa5lXQ=,sciences_primaire,fr
fuvQx+Bolq5o776fSnI1xEbTF7I=,sciences_primaire,fr
cVttPDmX3c/JkdvRzGYryxNL4DQ=,sciences_primaire,fr
zptimvcPll8CH2qlCgUBD2dWItk=,sciences_primaire,fr
m7YWc9HHdhsw79jx3qi8IykQ5ug=,sciences_primaire,fr
RAX/pnmobJm7t1zjdy1vgyJjRTc=,sciences_primaire,fr
AHwbDLJN/j3U0fBUkkvcc2VKr5E=,sciences_primaire,fr
qwQOUVE4X1AuCDzIF2cID12eHoM=,sciences_primaire,fr
BvW4mlkpd/wF5kaC1H15FCrhiT4=,sciences_primaire,fr
gklvrrW+5+/rjLdfQA8ljAwP7os=,sciences_primaire,fr
PtWjRbjx1wevqbu4AXQNn8T8++g=,sciences_primaire,fr
yVx5s04YykFDQXesty45G9qcjKs=,sciences_primaire,fr
5Pqz1c6FnvMpR+xLc80rWKFUX1Q=,sciences_primaire,fr
AhbglV4PLS6Cqon+QidHPSMpOuQ=,anglais_secondaire,fr
YKzDhQS3O3Q5BfEAI8tziG+g7aU=,anglais_secondaire,fr
4pYTeKj/wRdgSJ8TiUiHVXp85dQ=,anglais_secondaire,fr
HiF2bmJujC23YnxpivMsjTXRdsk=,anglais_secondaire,fr
anuDLbV4imafe+KYIXvJGqKbtmw=,anglais_secondaire,fr
lOsNzU/gOfZXsu3iPR3WwLUN/Hw=,anglais_secondaire,fr
l9X1MNGtOwoICbOo0OrA5B9SEFI=,anglais_secondaire,fr
3hFHmYFaDqsCxaU9mTMMS67V870=,anglais_secondaire,fr
AHwbDLJN/j3U0fBUkkvcc2VKr5E=,anglais_secondaire,fr
RMlbX0VAA4QXQSyyl6h7jSZRZxg=,anglais_secondaire,fr
pLHyIeAausvLEWmpfxPAl8oHpKo=,anglais_secondaire,fr
Gnv9kWxRVXlwRNS2j5Wmrn0GwOY=,anglais_secondaire,fr
zG4WhyWNAzGzgmbujKxb9NazN/Y=,anglais_secondaire,fr
ZvYc2OuhAc2wYLPdqjmCpAPfdRU=,anglais_secondaire,fr
n9iLqFvMQqOYrPNk1o5ZybsP+N4=,anglais_secondaire,fr
YtC5gIw+ibaFzV26fU8C9fr/OXM=,anglais_secondaire,fr
S9X+6bGLg1RxpKJFMkjgW9902ww=,anglais_secondaire,fr
DEjPHfWVTIMGlQvW7h7ujmJmLog=,anglais_secondaire,fr
atG4rKAA3DKMvrtW3z2zVBi4jiA=,anglais_secondaire,fr
dIv8rTPYT91Ue2eNk5IvMFu/BVQ=,anglais_secondaire,fr
d1tjz1mr8Itp9px13zVQddMfHrY=,anglais_secondaire,fr
pX1FCDKDTpkhk9tUZJszPWNX0I0=,anglais_secondaire,fr
3BrPpz2q0hJguDFHXoHRRTMT3EA=,anglais_secondaire,fr
yVx5s04YykFDQXesty45G9qcjKs=,anglais_secondaire,fr
RWxcnYTY5+p1+kodIlzAMwv8ZlE=,anglais_secondaire,fr
PtWjRbjx1wevqbu4AXQNn8T8++g=,anglais_secondaire,fr
JJoh1mA11siyCQUp0LNTNaSzwvc=,anglais_secondaire,fr
UgdbZwQ5pRx8OCByVMdxIuEwpPI=,anglais_secondaire,fr
JdeJqsGDtY3s15tnL44WvGfxgsg=,anglais_secondaire,fr
Rk4e7247m5ZzW7W6jMSZPaz7clM=,anglais_secondaire,fr
KL9xwPiTtrNXVnZf8W16imvrBjk=,anglais_secondaire,fr
Ucf2739efILx/D2I5NaQwxhlj5o=,anglais_secondaire,fr
RNGb953zrtJ3d6HhCbaXIuezcco=,anglais_secondaire,fr
SeDGBN1XUIGQlUt5Xktgepe2ghM=,anglais_secondaire,fr
qwQOUVE4X1AuCDzIF2cID12eHoM=,anglais_secondaire,fr
YtC5gIw+ibaFzV26fU8C9fr/OXM=,francais_secondaire,fr
ibX58NPQ3cQnhiTnDKTCQK+JaMk=,francais_secondaire,fr
z7n0xwclHwXCTPFTkVhFdsJuIjg=,francais_secondaire,fr
n9iLqFvMQqOYrPNk1o5ZybsP+N4=,francais_secondaire,fr
anuDLbV4imafe+KYIXvJGqKbtmw=,francais_secondaire,fr
Gnv9kWxRVXlwRNS2j5Wmrn0GwOY=,francais_secondaire,fr
UgdbZwQ5pRx8OCByVMdxIuEwpPI=,francais_secondaire,fr
S9X+6bGLg1RxpKJFMkjgW9902ww=,francais_secondaire,fr
Q1TOpokt3fwHcC2Z/29GFAbzQaY=,francais_secondaire,fr
lOsNzU/gOfZXsu3iPR3WwLUN/Hw=,francais_secondaire,fr
HiF2bmJujC23YnxpivMsjTXRdsk=,francais_secondaire,fr
QwX/U1D2E197WXPFWQA1sZTZvFU=,francais_secondaire,fr
Fu4bsgAbLpTsLYbRN4znkmLFvGg=,francais_secondaire,fr
QCuwKXEype1aPX+1ubv3ops0fKQ=,francais_secondaire,fr
XROPkoDDLwG7KDXLPRlWkHA9GtU=,francais_secondaire,fr
d1tjz1mr8Itp9px13zVQddMfHrY=,francais_secondaire,fr
SC68espSKIa5VeCYptCpZw3/6uY=,francais_secondaire,fr
u7dE1BKfCYH6UhnlTfRRdDxF+Tk=,francais_secondaire,fr
dIv8rTPYT91Ue2eNk5IvMFu/BVQ=,francais_secondaire,fr
YKzDhQS3O3Q5BfEAI8tziG+g7aU=,francais_secondaire,fr
gioLglZ2jsGrh272hTBeHhNGZsQ=,francais_secondaire,fr
yVx5s04YykFDQXesty45G9qcjKs=,francais_secondaire,fr
0NAijZp91uCeerJMgPOHlAmSytU=,francais_secondaire,fr
ZBw2eBB+s+LGqIN+1GydMRPIwgw=,francais_secondaire,fr
lC21zm/2gKkWMpRcOFk0QEJFwvE=,francais_secondaire,fr
KL9xwPiTtrNXVnZf8W16imvrBjk=,francais_secondaire,fr
PtWjRbjx1wevqbu4AXQNn8T8++g=,francais_secondaire,fr
R6l9iPsr0Hr2F6dAwy93rMjgT4g=,francais_secondaire,fr
RNGb953zrtJ3d6HhCbaXIuezcco=,francais_secondaire,fr
JJoh1mA11siyCQUp0LNTNaSzwvc=,francais_secondaire,fr
D/Y/duMHiFIrKWWHAz8kR8hiXfg=,francais_secondaire,fr
4tkEKGOwqVH5NugnwlWtkUYCr0s=,francais_secondaire,fr
SDrtrQIxhO09ITcVNQF/1y+ULWo=,francais_secondaire,fr
GqrR4wOPzE+gs/tgNhg5OBwh4hc=,francais_secondaire,fr
xGl0VKKG5q8tu9A2MXU8ic6rtR0=,francais_secondaire,fr
cmldwNItXhc/T562ctevao0huj0=,francais_secondaire,fr
0kg43Ug2jnXPnjO6V9V6rLR/ISc=,francais_secondaire,fr
RAX/pnmobJm7t1zjdy1vgyJjRTc=,francais_secondaire,fr
i6xnWkCEseUdirsN/g1LJ/HIs04=,francais_secondaire,fr
OVF4/s8GtVh2sYbpSNflH5Sg8Yg=,francais_secondaire,fr
BvW4mlkpd/wF5kaC1H15FCrhiT4=,francais_secondaire,fr
pkYrVF/m3Gfbcq6iPAUwHrfzUwo=,francais_secondaire,fr
wHaz5am4ZrcjiYxc5BCkU9bYkhI=,francais_secondaire,fr
AhbglV4PLS6Cqon+QidHPSMpOuQ=,francais_secondaire,fr
Ucf2739efILx/D2I5NaQwxhlj5o=,francais_secondaire,fr
zetRiCL0U1IGQqhg/RoTiLGb+OQ=,francais_secondaire,fr
DEjPHfWVTIMGlQvW7h7ujmJmLog=,francais_secondaire,fr
DcNXTEt/EIEgIrfvvTNlgXCp7fY=,francais_secondaire,fr
zj6mcH34nXDVTzAmm2AXOGqT5lo=,francais_secondaire,fr
GpKke9Bj93kKim+UX0K40slA4mU=,francais_secondaire,fr
+FTsDHZEVij6S/YlUmkBAjxYX40=,francais_secondaire,fr
1aAR53SMQInXnQ1sw6BbW9HaBU0=,francais_secondaire,fr
lM9d8KaugYNMOZWo7TCbpv7A0Tw=,francais_secondaire,fr
0DuJNnNoWxANjD3LRqPfqjjCRTc=,francais_secondaire,fr
e1WUBEYcPclNYrL3OKd4MGnwL2A=,francais_secondaire,fr
12jrANO8QrvlVaqba32VkcG8GnU=,francais_secondaire,fr
Rk4e7247m5ZzW7W6jMSZPaz7clM=,francais_secondaire,fr
cVttPDmX3c/JkdvRzGYryxNL4DQ=,francais_secondaire,fr
zG4WhyWNAzGzgmbujKxb9NazN/Y=,francais_secondaire,fr
jUm6/XY/QPDlI+5IPF8bRLdNQ3A=,francais_secondaire,fr
i6xnWkCEseUdirsN/g1LJ/HIs04=,geographie_primaire,fr
zG4WhyWNAzGzgmbujKxb9NazN/Y=,geographie_primaire,fr
QCuwKXEype1aPX+1ubv3ops0fKQ=,geographie_primaire,fr
dIv8rTPYT91Ue2eNk5IvMFu/BVQ=,geographie_primaire,fr
spCuR8ULdoBJ/+KqJ7KjtLy3/Ys=,geographie_primaire,fr
wZSftUbxDpMAvQ8S6jvnbx6B4bY=,geographie_primaire,fr
Gnv9kWxRVXlwRNS2j5Wmrn0GwOY=,geographie_primaire,fr
AhbglV4PLS6Cqon+QidHPSMpOuQ=,geographie_primaire,fr
UgdbZwQ5pRx8OCByVMdxIuEwpPI=,geographie_primaire,fr
OkoDLllG/ImQxD6Sh4S7qL3sGb0=,geographie_primaire,fr
0NAijZp91uCeerJMgPOHlAmSytU=,geographie_primaire,fr
dXBAlFlVplOMk0wRR8cvn5I0QeE=,geographie_primaire,fr
anuDLbV4imafe+KYIXvJGqKbtmw=,geographie_primaire,fr
YtC5gIw+ibaFzV26fU8C9fr/OXM=,geographie_primaire,fr
cVttPDmX3c/JkdvRzGYryxNL4DQ=,geographie_primaire,fr
RNGb953zrtJ3d6HhCbaXIuezcco=,geographie_primaire,fr
zptimvcPll8CH2qlCgUBD2dWItk=,geographie_primaire,fr
atG4rKAA3DKMvrtW3z2zVBi4jiA=,geographie_primaire,fr
4pYTeKj/wRdgSJ8TiUiHVXp85dQ=,geographie_primaire,fr
xGl0VKKG5q8tu9A2MXU8ic6rtR0=,geographie_primaire,fr
Ucf2739efILx/D2I5NaQwxhlj5o=,geographie_primaire,fr
0kg43Ug2jnXPnjO6V9V6rLR/ISc=,geographie_primaire,fr
zj6mcH34nXDVTzAmm2AXOGqT5lo=,geographie_primaire,fr
lpZZhSclbZZdZv8wnXTRf1rqZqs=,geographie_primaire,fr
BvW4mlkpd/wF5kaC1H15FCrhiT4=,geographie_primaire,fr
jUm6/XY/QPDlI+5IPF8bRLdNQ3A=,geographie_primaire,fr
GpKke9Bj93kKim+UX0K40slA4mU=,geographie_primaire,fr
0DuJNnNoWxANjD3LRqPfqjjCRTc=,geographie_primaire,fr
lOsNzU/gOfZXsu3iPR3WwLUN/Hw=,geographie_primaire,fr
PkTIInnV9hQ+YqANUGGuW3njE+w=,geographie_primaire,fr
L3vKYk33+REiVi3I3IUg/Aphd9Q=,geographie_primaire,fr
winQQQwwj13Z66ptw4BqTmld9Cw=,geographie_primaire,fr
i6xnWkCEseUdirsN/g1LJ/HIs04=,histoire_secondaire,fr
xGl0VKKG5q8tu9A2MXU8ic6rtR0=,histoire_secondaire,fr
d1tjz1mr8Itp9px13zVQddMfHrY=,histoire_secondaire,fr
spCuR8ULdoBJ/+KqJ7KjtLy3/Ys=,histoire_secondaire,fr
0DuJNnNoWxANjD3LRqPfqjjCRTc=,histoire_secondaire,fr
SC68espSKIa5VeCYptCpZw3/6uY=,histoire_secondaire,fr
JJoh1mA11siyCQUp0LNTNaSzwvc=,histoire_secondaire,fr
UgdbZwQ5pRx8OCByVMdxIuEwpPI=,histoire_secondaire,fr
QwX/U1D2E197WXPFWQA1sZTZvFU=,histoire_secondaire,fr
3BrPpz2q0hJguDFHXoHRRTMT3EA=,histoire_secondaire,fr
jUm6/XY/QPDlI+5IPF8bRLdNQ3A=,histoire_secondaire,fr
+FTsDHZEVij6S/YlUmkBAjxYX40=,histoire_secondaire,fr
RNGb953zrtJ3d6HhCbaXIuezcco=,histoire_secondaire,fr
atG4rKAA3DKMvrtW3z2zVBi4jiA=,histoire_secondaire,fr
zG4WhyWNAzGzgmbujKxb9NazN/Y=,histoire_secondaire,fr
Gnv9kWxRVXlwRNS2j5Wmrn0GwOY=,histoire_secondaire,fr
OO/zUPCNWRO3kNf5JrLIet082Kg=,histoire_secondaire,fr
OVF4/s8GtVh2sYbpSNflH5Sg8Yg=,histoire_secondaire,fr
anuDLbV4imafe+KYIXvJGqKbtmw=,histoire_secondaire,fr
/Cdv04f54regdIJ4D/THAvWXnUA=,histoire_secondaire,fr
cVttPDmX3c/JkdvRzGYryxNL4DQ=,histoire_secondaire,fr
KL9xwPiTtrNXVnZf8W16imvrBjk=,histoire_secondaire,fr
dIv8rTPYT91Ue2eNk5IvMFu/BVQ=,histoire_secondaire,fr
YKzDhQS3O3Q5BfEAI8tziG+g7aU=,histoire_secondaire,fr
dXBAlFlVplOMk0wRR8cvn5I0QeE=,histoire_secondaire,fr
wZSftUbxDpMAvQ8S6jvnbx6B4bY=,histoire_secondaire,fr
AhbglV4PLS6Cqon+QidHPSMpOuQ=,histoire_secondaire,fr
HiF2bmJujC23YnxpivMsjTXRdsk=,histoire_secondaire,fr
Rk4e7247m5ZzW7W6jMSZPaz7clM=,histoire_secondaire,fr
YtC5gIw+ibaFzV26fU8C9fr/OXM=,math_secondaire_1-2,fr
5CAxENgSEwFMWw6WBVfCFzcuCJE=,math_secondaire_1-2,fr
gioLglZ2jsGrh272hTBeHhNGZsQ=,math_secondaire_1-2,fr
SeDGBN1XUIGQlUt5Xktgepe2ghM=,math_secondaire_1-2,fr
z7n0xwclHwXCTPFTkVhFdsJuIjg=,math_secondaire_1-2,fr
ljE8PNswqfwGarvTibzu9+C3aKY=,math_secondaire_1-2,fr
KjaTF3mr0N9ysRr6dPimYaBbuqc=,math_secondaire_1-2,fr
gO4pCKQ5/9qdUfaasn8OVj4wXcw=,math_secondaire_1-2,fr
lM9d8KaugYNMOZWo7TCbpv7A0Tw=,math_secondaire_1-2,fr
kwhiA3oMF98fdJSnzWOSvdUiJ4c=,math_secondaire_1-2,fr
lpZZhSclbZZdZv8wnXTRf1rqZqs=,math_secondaire_1-2,fr
qwQOUVE4X1AuCDzIF2cID12eHoM=,math_secondaire_1-2,fr
OkoDLllG/ImQxD6Sh4S7qL3sGb0=,math_secondaire_1-2,fr
pkYrVF/m3Gfbcq6iPAUwHrfzUwo=,math_secondaire_1-2,fr
5boDSDHi1msoLLscATanUA3nyMs=,math_secondaire_1-2,fr
JJoh1mA11siyCQUp0LNTNaSzwvc=,math_secondaire_1-2,fr
QCuwKXEype1aPX+1ubv3ops0fKQ=,math_secondaire_1-2,fr
dIv8rTPYT91Ue2eNk5IvMFu/BVQ=,math_secondaire_1-2,fr
mCRXkmAjr0B1b4AFQ4S/yEQD9ZI=,math_secondaire_1-2,fr
sUG1PjypkAIn1lSJSXvOj58byUk=,math_secondaire_1-2,fr
yVx5s04YykFDQXesty45G9qcjKs=,math_secondaire_1-2,fr
GqrR4wOPzE+gs/tgNhg5OBwh4hc=,math_secondaire_1-2,fr
CrLSv9YUIP620yvGfL0etlnSw4A=,math_secondaire_1-2,fr
xYq6g0mg0uxHNRVROv6Z9MFBBUM=,math_secondaire_1-2,fr
ZZwVZcrO0MA8RX8guqsjGEJe3KU=,math_secondaire_1-2,fr
4tkEKGOwqVH5NugnwlWtkUYCr0s=,math_secondaire_1-2,fr
5cr3VK/whJDg7v6NzVIBJJ9ZMgo=,math_secondaire_1-2,fr
R6l9iPsr0Hr2F6dAwy93rMjgT4g=,math_secondaire_1-2,fr
Ucf2739efILx/D2I5NaQwxhlj5o=,math_secondaire_1-2,fr
d1tjz1mr8Itp9px13zVQddMfHrY=,math_secondaire_1-2,fr
BUUxK/WXMJCFmy3wnPKw6avVqxM=,math_secondaire_1-2,fr
DEjPHfWVTIMGlQvW7h7ujmJmLog=,math_secondaire_1-2,fr
DcNXTEt/EIEgIrfvvTNlgXCp7fY=,math_secondaire_1-2,fr
1fDW9rFaoBkD8wX1pDvzwFGTkLU=,math_secondaire_1-2,fr
0FJLzharSFPd1pmNf/Dt25iXkVc=,math_secondaire_1-2,fr
12jrANO8QrvlVaqba32VkcG8GnU=,math_secondaire_1-2,fr
mZHnKRVcD7gLVGCNcz/L+Aa5lXQ=,math_secondaire_1-2,fr
AHwbDLJN/j3U0fBUkkvcc2VKr5E=,math_secondaire_1-2,fr
pLHyIeAausvLEWmpfxPAl8oHpKo=,math_secondaire_1-2,fr
u7dE1BKfCYH6UhnlTfRRdDxF+Tk=,math_secondaire_1-2,fr
P3j8z2Tn6D4Y+32Am88DAYu85GQ=,math_secondaire_1-2,fr
Z3evMq8zpT20/nX6lmlKTTe+HPI=,math_secondaire_1-2,fr
wHaz5am4ZrcjiYxc5BCkU9bYkhI=,math_secondaire_1-2,fr
SC68espSKIa5VeCYptCpZw3/6uY=,math_secondaire_1-2,fr
BcbMaUTYagkAETzwJmM57Hw+Yao=,math_secondaire_1-2,fr
UgdbZwQ5pRx8OCByVMdxIuEwpPI=,math_secondaire_1-2,fr
RAX/pnmobJm7t1zjdy1vgyJjRTc=,math_secondaire_1-2,fr
HiF2bmJujC23YnxpivMsjTXRdsk=,math_secondaire_1-2,fr
1/Rftf59Hd6wFVLYddpwN5huz4Y=,math_secondaire_1-2,fr
M/AHhC36ez5h+YANMUXxavd2TVU=,math_secondaire_1-2,fr
lC21zm/2gKkWMpRcOFk0QEJFwvE=,math_secondaire_1-2,fr
lOsNzU/gOfZXsu3iPR3WwLUN/Hw=,math_secondaire_1-2,fr
Hmh9IFgcb2xAxZFe9/e0UB7drsc=,math_secondaire_1-2,fr
/Cdv04f54regdIJ4D/THAvWXnUA=,math_secondaire_1-2,fr
ZvYc2OuhAc2wYLPdqjmCpAPfdRU=,math_secondaire_1-2,fr
Kgus2gHPXin/RYsANLGrIXNTLAU=,math_secondaire_1-2,fr
m7YWc9HHdhsw79jx3qi8IykQ5ug=,math_secondaire_1-2,fr
RWxcnYTY5+p1+kodIlzAMwv8ZlE=,math_secondaire_1-2,fr
Xpfu90SbzkED136bJGadsFBf4zg=,math_secondaire_1-2,fr
EXlfidRiET7RFOj/FHPb+Xejo8M=,math_secondaire_1-2,fr
5Pqz1c6FnvMpR+xLc80rWKFUX1Q=,math_secondaire_1-2,fr
XROPkoDDLwG7KDXLPRlWkHA9GtU=,math_secondaire_1-2,fr
+FTsDHZEVij6S/YlUmkBAjxYX40=,math_secondaire_1-2,fr
Fu4bsgAbLpTsLYbRN4znkmLFvGg=,math_secondaire_1-2,fr
n9iLqFvMQqOYrPNk1o5ZybsP+N4=,math_secondaire_1-2,fr
RNGb953zrtJ3d6HhCbaXIuezcco=,math_secondaire_1-2,fr
eHW1ARoTp32aaaFa1j3e4QfKSdQ=,math_secondaire_1-2,fr
d6PU3e+xIUCrW2EcrrHMSOJl4uI=,math_secondaire_1-2,fr
tVQaQmtb3cm9Z1epUUza+tznhEA=,math_secondaire_1-2,fr
KL9xwPiTtrNXVnZf8W16imvrBjk=,math_secondaire_1-2,fr
Rk4e7247m5ZzW7W6jMSZPaz7clM=,math_secondaire_1-2,fr
+kA//C9qAVGLtQascCuOayH13S0=,math_secondaire_1-2,fr
VvFRUkuGXkm7BFLOe+/Fkirw5D8=,math_secondaire_1-2,fr
McY3RyGWES9KNMdDHmO0rhZaa6g=,math_secondaire_1-2,fr
4pYTeKj/wRdgSJ8TiUiHVXp85dQ=,math_secondaire_1-2,fr
OVF4/s8GtVh2sYbpSNflH5Sg8Yg=,math_secondaire_1-2,fr
B07r7Z0JwBc2LXZ8wZafe8iGc20=,math_secondaire_1-2,fr
Gnv9kWxRVXlwRNS2j5Wmrn0GwOY=,math_secondaire_1-2,fr
SDrtrQIxhO09ITcVNQF/1y+ULWo=,math_secondaire_1-2,fr
GpKke9Bj93kKim+UX0K40slA4mU=,math_secondaire_1-2,fr
QwX/U1D2E197WXPFWQA1sZTZvFU=,math_secondaire_1-2,fr
anuDLbV4imafe+KYIXvJGqKbtmw=,math_secondaire_1-2,fr
E7SfdlQpeezeQ3jyA6hBAqQ8GKE=,math_secondaire_1-2,fr
rrd7pIf8fDwaVFdXADaaWIyYlyw=,math_secondaire_1-2,fr
PkTIInnV9hQ+YqANUGGuW3njE+w=,math_secondaire_1-2,fr
YKzDhQS3O3Q5BfEAI8tziG+g7aU=,math_secondaire_1-2,fr
BvW4mlkpd/wF5kaC1H15FCrhiT4=,math_secondaire_1-2,fr
pX1FCDKDTpkhk9tUZJszPWNX0I0=,math_secondaire_1-2,fr
AhbglV4PLS6Cqon+QidHPSMpOuQ=,math_secondaire_1-2,fr
ibX58NPQ3cQnhiTnDKTCQK+JaMk=,math_secondaire_1-2,fr
e1WUBEYcPclNYrL3OKd4MGnwL2A=,math_secondaire_1-2,fr
spCuR8ULdoBJ/+KqJ7KjtLy3/Ys=,math_secondaire_1-2,fr
YUMJ4jTI/eXe9ltaY4uupx8WaSo=,math_secondaire_1-2,fr
PtWjRbjx1wevqbu4AXQNn8T8++g=,math_secondaire_1-2,fr
wb/idogNa+tOqnsaxy6IQHSoGhQ=,math_secondaire_1-2,fr
3BrPpz2q0hJguDFHXoHRRTMT3EA=,math_secondaire_1-2,fr
1aAR53SMQInXnQ1sw6BbW9HaBU0=,math_secondaire_1-2,fr
i6xnWkCEseUdirsN/g1LJ/HIs04=,math_secondaire_1-2,fr
J9fzgiNSkMronGWqZeMAmseOmZI=,math_secondaire_1-2,fr
ujiGJD5NaOJcgdKrl+Mibg8G+h0=,math_secondaire_1-2,fr
fuvQx+Bolq5o776fSnI1xEbTF7I=,math_secondaire_1-2,fr
l9X1MNGtOwoICbOo0OrA5B9SEFI=,math_secondaire_1-2,fr
eHW1ARoTp32aaaFa1j3e4QfKSdQ=,math_secondaire_3-5,fr
OVF4/s8GtVh2sYbpSNflH5Sg8Yg=,math_secondaire_3-5,fr
BUUxK/WXMJCFmy3wnPKw6avVqxM=,math_secondaire_3-5,fr
d1tjz1mr8Itp9px13zVQddMfHrY=,math_secondaire_3-5,fr
9Afrx7l/KS7dl0scojC4ScBXy9Y=,math_secondaire_3-5,fr
Kgus2gHPXin/RYsANLGrIXNTLAU=,math_secondaire_3-5,fr
KjaTF3mr0N9ysRr6dPimYaBbuqc=,math_secondaire_3-5,fr
KL9xwPiTtrNXVnZf8W16imvrBjk=,math_secondaire_3-5,fr
i6xnWkCEseUdirsN/g1LJ/HIs04=,math_secondaire_3-5,fr
McY3RyGWES9KNMdDHmO0rhZaa6g=,math_secondaire_3-5,fr
gioLglZ2jsGrh272hTBeHhNGZsQ=,math_secondaire_3-5,fr
HiF2bmJujC23YnxpivMsjTXRdsk=,math_secondaire_3-5,fr
DEjPHfWVTIMGlQvW7h7ujmJmLog=,math_secondaire_3-5,fr
YKzDhQS3O3Q5BfEAI8tziG+g7aU=,math_secondaire_3-5,fr
AHwbDLJN/j3U0fBUkkvcc2VKr5E=,math_secondaire_3-5,fr
0FJLzharSFPd1pmNf/Dt25iXkVc=,math_secondaire_3-5,fr
pX1FCDKDTpkhk9tUZJszPWNX0I0=,math_secondaire_3-5,fr
SDrtrQIxhO09ITcVNQF/1y+ULWo=,math_secondaire_3-5,fr
kwhiA3oMF98fdJSnzWOSvdUiJ4c=,math_secondaire_3-5,fr
DcNXTEt/EIEgIrfvvTNlgXCp7fY=,math_secondaire_3-5,fr
RWxcnYTY5+p1+kodIlzAMwv8ZlE=,math_secondaire_3-5,fr
lpZZhSclbZZdZv8wnXTRf1rqZqs=,math_secondaire_3-5,fr
jUm6/XY/QPDlI+5IPF8bRLdNQ3A=,math_secondaire_3-5,fr
xYq6g0mg0uxHNRVROv6Z9MFBBUM=,math_secondaire_3-5,fr
ZvYc2OuhAc2wYLPdqjmCpAPfdRU=,math_secondaire_3-5,fr
spCuR8ULdoBJ/+KqJ7KjtLy3/Ys=,math_secondaire_3-5,fr
dIv8rTPYT91Ue2eNk5IvMFu/BVQ=,math_secondaire_3-5,fr
Fu4bsgAbLpTsLYbRN4znkmLFvGg=,math_secondaire_3-5,fr
4pYTeKj/wRdgSJ8TiUiHVXp85dQ=,math_secondaire_3-5,fr
mZHnKRVcD7gLVGCNcz/L+Aa5lXQ=,math_secondaire_3-5,fr
rrd7pIf8fDwaVFdXADaaWIyYlyw=,math_secondaire_3-5,fr
/Cdv04f54regdIJ4D/THAvWXnUA=,math_secondaire_3-5,fr
atG4rKAA3DKMvrtW3z2zVBi4jiA=,math_secondaire_3-5,fr
pkYrVF/m3Gfbcq6iPAUwHrfzUwo=,math_secondaire_3-5,fr
u7dE1BKfCYH6UhnlTfRRdDxF+Tk=,math_secondaire_3-5,fr
OkoDLllG/ImQxD6Sh4S7qL3sGb0=,math_secondaire_3-5,fr
YUMJ4jTI/eXe9ltaY4uupx8WaSo=,math_secondaire_3-5,fr
ujiGJD5NaOJcgdKrl+Mibg8G+h0=,math_secondaire_3-5,fr
nrPxP+ZZby2cWsavENorukuL+dU=,math_secondaire_3-5,fr
4tkEKGOwqVH5NugnwlWtkUYCr0s=,math_secondaire_3-5,fr
z7n0xwclHwXCTPFTkVhFdsJuIjg=,math_secondaire_3-5,fr
ZZwVZcrO0MA8RX8guqsjGEJe3KU=,math_secondaire_3-5,fr
YtC5gIw+ibaFzV26fU8C9fr/OXM=,math_secondaire_3-5,fr
zptimvcPll8CH2qlCgUBD2dWItk=,math_secondaire_3-5,fr
gO4pCKQ5/9qdUfaasn8OVj4wXcw=,math_secondaire_3-5,fr
0kg43Ug2jnXPnjO6V9V6rLR/ISc=,math_secondaire_3-5,fr
5cr3VK/whJDg7v6NzVIBJJ9ZMgo=,math_secondaire_3-5,fr
ZBw2eBB+s+LGqIN+1GydMRPIwgw=,math_secondaire_3-5,fr
yVx5s04YykFDQXesty45G9qcjKs=,math_secondaire_3-5,fr
tVQaQmtb3cm9Z1epUUza+tznhEA=,math_secondaire_3-5,fr
Hmh9IFgcb2xAxZFe9/e0UB7drsc=,math_secondaire_3-5,fr
l9X1MNGtOwoICbOo0OrA5B9SEFI=,math_secondaire_3-5,fr
XROPkoDDLwG7KDXLPRlWkHA9GtU=,math_secondaire_3-5,fr
wHaz5am4ZrcjiYxc5BCkU9bYkhI=,math_secondaire_3-5,fr
anuDLbV4imafe+KYIXvJGqKbtmw=,math_secondaire_3-5,fr
+kA//C9qAVGLtQascCuOayH13S0=,math_secondaire_3-5,fr
B07r7Z0JwBc2LXZ8wZafe8iGc20=,math_secondaire_3-5,fr
WbtSRO2nTKCULsl4oo7fy96p3eA=,math_secondaire_3-5,fr
qwQOUVE4X1AuCDzIF2cID12eHoM=,math_secondaire_3-5,fr
+FTsDHZEVij6S/YlUmkBAjxYX40=,math_secondaire_3-5,fr
1aAR53SMQInXnQ1sw6BbW9HaBU0=,math_secondaire_3-5,fr
BcbMaUTYagkAETzwJmM57Hw+Yao=,math_secondaire_3-5,fr
ymhikFGK8udznZjmf4OkIBl2NgI=,math_secondaire_3-5,fr
EXlfidRiET7RFOj/FHPb+Xejo8M=,math_secondaire_3-5,fr
wZSftUbxDpMAvQ8S6jvnbx6B4bY=,math_secondaire_3-5,fr
QwX/U1D2E197WXPFWQA1sZTZvFU=,math_secondaire_3-5,fr
wb/idogNa+tOqnsaxy6IQHSoGhQ=,math_secondaire_3-5,fr
ljE8PNswqfwGarvTibzu9+C3aKY=,math_secondaire_3-5,fr
GqrR4wOPzE+gs/tgNhg5OBwh4hc=,math_secondaire_3-5,fr
pLHyIeAausvLEWmpfxPAl8oHpKo=,math_secondaire_3-5,fr
1/Rftf59Hd6wFVLYddpwN5huz4Y=,math_secondaire_3-5,fr
Ucf2739efILx/D2I5NaQwxhlj5o=,math_secondaire_3-5,fr
RhNz0ztt/ElIgYeSUBmPNyidUiU=,math_secondaire_3-5,fr
ibX58NPQ3cQnhiTnDKTCQK+JaMk=,math_secondaire_3-5,fr
SeDGBN1XUIGQlUt5Xktgepe2ghM=,math_secondaire_3-5,fr
R6l9iPsr0Hr2F6dAwy93rMjgT4g=,math_secondaire_3-5,fr
CrLSv9YUIP620yvGfL0etlnSw4A=,math_secondaire_3-5,fr
Rk4e7247m5ZzW7W6jMSZPaz7clM=,math_secondaire_3-5,fr
QCuwKXEype1aPX+1ubv3ops0fKQ=,math_secondaire_3-5,fr
Xpfu90SbzkED136bJGadsFBf4zg=,math_secondaire_3-5,fr
SC68espSKIa5VeCYptCpZw3/6uY=,math_secondaire_3-5,fr
M/AHhC36ez5h+YANMUXxavd2TVU=,math_secondaire_3-5,fr
J9fzgiNSkMronGWqZeMAmseOmZI=,math_secondaire_3-5,fr
BvW4mlkpd/wF5kaC1H15FCrhiT4=,math_secondaire_3-5,fr
AhbglV4PLS6Cqon+QidHPSMpOuQ=,math_secondaire_3-5,fr
1fDW9rFaoBkD8wX1pDvzwFGTkLU=,math_secondaire_3-5,fr
Gnv9kWxRVXlwRNS2j5Wmrn0GwOY=,math_secondaire_3-5,fr
3BrPpz2q0hJguDFHXoHRRTMT3EA=,math_secondaire_3-5,fr
PkTIInnV9hQ+YqANUGGuW3njE+w=,math_secondaire_3-5,fr
GpKke9Bj93kKim+UX0K40slA4mU=,math_secondaire_3-5,fr
JJoh1mA11siyCQUp0LNTNaSzwvc=,math_secondaire_3-5,fr
n9iLqFvMQqOYrPNk1o5ZybsP+N4=,math_secondaire_3-5,fr
E7SfdlQpeezeQ3jyA6hBAqQ8GKE=,math_secondaire_3-5,fr
PtWjRbjx1wevqbu4AXQNn8T8++g=,math_secondaire_3-5,fr
d6PU3e+xIUCrW2EcrrHMSOJl4uI=,math_secondaire_3-5,fr
UgdbZwQ5pRx8OCByVMdxIuEwpPI=,monde_contemporain_,fr
S9X+6bGLg1RxpKJFMkjgW9902ww=,physique_secondaire,fr
m7YWc9HHdhsw79jx3qi8IykQ5ug=,physique_secondaire,fr
6Ttqj8Hs76nNUAQwDprQ2MqCnqc=,physique_secondaire,fr
HiF2bmJujC23YnxpivMsjTXRdsk=,physique_secondaire,fr
DcNXTEt/EIEgIrfvvTNlgXCp7fY=,physique_secondaire,fr
BvW4mlkpd/wF5kaC1H15FCrhiT4=,physique_secondaire,fr
XROPkoDDLwG7KDXLPRlWkHA9GtU=,physique_secondaire,fr
GpKke9Bj93kKim+UX0K40slA4mU=,physique_secondaire,fr
4pYTeKj/wRdgSJ8TiUiHVXp85dQ=,physique_secondaire,fr
e1WUBEYcPclNYrL3OKd4MGnwL2A=,physique_secondaire,fr
qwQOUVE4X1AuCDzIF2cID12eHoM=,physique_secondaire,fr
rrd7pIf8fDwaVFdXADaaWIyYlyw=,physique_secondaire,fr
3BrPpz2q0hJguDFHXoHRRTMT3EA=,physique_secondaire,fr
5Pqz1c6FnvMpR+xLc80rWKFUX1Q=,physique_secondaire,fr
AHwbDLJN/j3U0fBUkkvcc2VKr5E=,physique_secondaire,fr
winQQQwwj13Z66ptw4BqTmld9Cw=,physique_secondaire,fr
PtWjRbjx1wevqbu4AXQNn8T8++g=,physique_secondaire,fr
JJoh1mA11siyCQUp0LNTNaSzwvc=,physique_secondaire,fr
D/Y/duMHiFIrKWWHAz8kR8hiXfg=,physique_secondaire,fr
Rk4e7247m5ZzW7W6jMSZPaz7clM=,physique_secondaire,fr
jUm6/XY/QPDlI+5IPF8bRLdNQ3A=,physique_secondaire,fr
yVx5s04YykFDQXesty45G9qcjKs=,physique_secondaire,fr
CrLSv9YUIP620yvGfL0etlnSw4A=,physique_secondaire,fr
l9X1MNGtOwoICbOo0OrA5B9SEFI=,physique_secondaire,fr
9Afrx7l/KS7dl0scojC4ScBXy9Y=,physique_secondaire,fr
RMlbX0VAA4QXQSyyl6h7jSZRZxg=,physique_secondaire,fr
5cr3VK/whJDg7v6NzVIBJJ9ZMgo=,physique_secondaire,fr
YtC5gIw+ibaFzV26fU8C9fr/OXM=,physique_secondaire,fr
3hFHmYFaDqsCxaU9mTMMS67V870=,physique_secondaire,fr
SC68espSKIa5VeCYptCpZw3/6uY=,physique_secondaire,fr
KL9xwPiTtrNXVnZf8W16imvrBjk=,physique_secondaire,fr
QCuwKXEype1aPX+1ubv3ops0fKQ=,physique_secondaire,fr
tVQaQmtb3cm9Z1epUUza+tznhEA=,physique_secondaire,fr
RNGb953zrtJ3d6HhCbaXIuezcco=,physique_secondaire,fr
+FTsDHZEVij6S/YlUmkBAjxYX40=,physique_secondaire,fr
UgdbZwQ5pRx8OCByVMdxIuEwpPI=,physique_secondaire,fr
pLHyIeAausvLEWmpfxPAl8oHpKo=,physique_secondaire,fr
d1tjz1mr8Itp9px13zVQddMfHrY=,physique_secondaire,fr
YKzDhQS3O3Q5BfEAI8tziG+g7aU=,physique_secondaire,fr
xGl0VKKG5q8tu9A2MXU8ic6rtR0=,physique_secondaire,fr
ujiGJD5NaOJcgdKrl+Mibg8G+h0=,physique_secondaire,fr
RAX/pnmobJm7t1zjdy1vgyJjRTc=,physique_secondaire,fr
0kg43Ug2jnXPnjO6V9V6rLR/ISc=,physique_secondaire,fr
0FJLzharSFPd1pmNf/Dt25iXkVc=,physique_secondaire,fr
wb/idogNa+tOqnsaxy6IQHSoGhQ=,physique_secondaire,fr
fuvQx+Bolq5o776fSnI1xEbTF7I=,physique_secondaire,fr
DEjPHfWVTIMGlQvW7h7ujmJmLog=,physique_secondaire,fr
RWxcnYTY5+p1+kodIlzAMwv8ZlE=,physique_secondaire,fr
+kA//C9qAVGLtQascCuOayH13S0=,physique_secondaire,fr
SDrtrQIxhO09ITcVNQF/1y+ULWo=,physique_secondaire,fr
AhbglV4PLS6Cqon+QidHPSMpOuQ=,physique_secondaire,fr
sUG1PjypkAIn1lSJSXvOj58byUk=,physique_secondaire,fr
4tkEKGOwqVH5NugnwlWtkUYCr0s=,physique_secondaire,fr
1/Rftf59Hd6wFVLYddpwN5huz4Y=,physique_secondaire,fr
wZSftUbxDpMAvQ8S6jvnbx6B4bY=,physique_secondaire,fr
P3j8z2Tn6D4Y+32Am88DAYu85GQ=,physique_secondaire,fr
5boDSDHi1msoLLscATanUA3nyMs=,physique_secondaire,fr
gklvrrW+5+/rjLdfQA8ljAwP7os=,physique_secondaire,fr
anuDLbV4imafe+KYIXvJGqKbtmw=,physique_secondaire,fr
1aAR53SMQInXnQ1sw6BbW9HaBU0=,physique_secondaire,fr
nrPxP+ZZby2cWsavENorukuL+dU=,physique_secondaire,fr
Gnv9kWxRVXlwRNS2j5Wmrn0GwOY=,physique_secondaire,fr
KjaTF3mr0N9ysRr6dPimYaBbuqc=,physique_secondaire,fr
cVttPDmX3c/JkdvRzGYryxNL4DQ=,sciences_secondaire,fr
6Ttqj8Hs76nNUAQwDprQ2MqCnqc=,sciences_secondaire,fr
BUUxK/WXMJCFmy3wnPKw6avVqxM=,sciences_secondaire,fr
3hFHmYFaDqsCxaU9mTMMS67V870=,sciences_secondaire,fr
+FTsDHZEVij6S/YlUmkBAjxYX40=,sciences_secondaire,fr
3BrPpz2q0hJguDFHXoHRRTMT3EA=,sciences_secondaire,fr
spCuR8ULdoBJ/+KqJ7KjtLy3/Ys=,sciences_secondaire,fr
M/AHhC36ez5h+YANMUXxavd2TVU=,sciences_secondaire,fr
u7dE1BKfCYH6UhnlTfRRdDxF+Tk=,sciences_secondaire,fr
E7SfdlQpeezeQ3jyA6hBAqQ8GKE=,sciences_secondaire,fr
HiF2bmJujC23YnxpivMsjTXRdsk=,sciences_secondaire,fr
anuDLbV4imafe+KYIXvJGqKbtmw=,sciences_secondaire,fr
DEjPHfWVTIMGlQvW7h7ujmJmLog=,sciences_secondaire,fr
5boDSDHi1msoLLscATanUA3nyMs=,sciences_secondaire,fr
QCuwKXEype1aPX+1ubv3ops0fKQ=,sciences_secondaire,fr
QwX/U1D2E197WXPFWQA1sZTZvFU=,sciences_secondaire,fr
wb/idogNa+tOqnsaxy6IQHSoGhQ=,sciences_secondaire,fr
McY3RyGWES9KNMdDHmO0rhZaa6g=,sciences_secondaire,fr
Gnv9kWxRVXlwRNS2j5Wmrn0GwOY=,sciences_secondaire,fr
i6xnWkCEseUdirsN/g1LJ/HIs04=,sciences_secondaire,fr
YKzDhQS3O3Q5BfEAI8tziG+g7aU=,sciences_secondaire,fr
wZSftUbxDpMAvQ8S6jvnbx6B4bY=,sciences_secondaire,fr
tVQaQmtb3cm9Z1epUUza+tznhEA=,sciences_secondaire,fr
RWxcnYTY5+p1+kodIlzAMwv8ZlE=,sciences_secondaire,fr
iHRvhlHFPIehbW7m+9waFapZQ5Y=,sciences_secondaire,fr
hdcQsAmVMb5G/NXqpqa0TtWrErc=,sciences_secondaire,fr
GpKke9Bj93kKim+UX0K40slA4mU=,sciences_secondaire,fr
J9fzgiNSkMronGWqZeMAmseOmZI=,sciences_secondaire,fr
JJoh1mA11siyCQUp0LNTNaSzwvc=,sciences_secondaire,fr
Rk4e7247m5ZzW7W6jMSZPaz7clM=,sciences_secondaire,fr
l9X1MNGtOwoICbOo0OrA5B9SEFI=,sciences_secondaire,fr
rrd7pIf8fDwaVFdXADaaWIyYlyw=,sciences_secondaire,fr
4tkEKGOwqVH5NugnwlWtkUYCr0s=,sciences_secondaire,fr
yVx5s04YykFDQXesty45G9qcjKs=,sciences_secondaire,fr
P3j8z2Tn6D4Y+32Am88DAYu85GQ=,sciences_secondaire,fr
9Afrx7l/KS7dl0scojC4ScBXy9Y=,sciences_secondaire,fr
lC21zm/2gKkWMpRcOFk0QEJFwvE=,sciences_secondaire,fr
wHaz5am4ZrcjiYxc5BCkU9bYkhI=,sciences_secondaire,fr
YtC5gIw+ibaFzV26fU8C9fr/OXM=,sciences_secondaire,fr
dIv8rTPYT91Ue2eNk5IvMFu/BVQ=,sciences_secondaire,fr
d1tjz1mr8Itp9px13zVQddMfHrY=,sciences_secondaire,fr
5CAxENgSEwFMWw6WBVfCFzcuCJE=,sciences_secondaire,fr
m7YWc9HHdhsw79jx3qi8IykQ5ug=,sciences_secondaire,fr
D/Y/duMHiFIrKWWHAz8kR8hiXfg=,sciences_secondaire,fr
GqrR4wOPzE+gs/tgNhg5OBwh4hc=,sciences_secondaire,fr
PkTIInnV9hQ+YqANUGGuW3njE+w=,sciences_secondaire,fr
atG4rKAA3DKMvrtW3z2zVBi4jiA=,sciences_secondaire,fr
RMlbX0VAA4QXQSyyl6h7jSZRZxg=,sciences_secondaire,fr
qwQOUVE4X1AuCDzIF2cID12eHoM=,sciences_secondaire,fr
SDrtrQIxhO09ITcVNQF/1y+ULWo=,sciences_secondaire,fr
n9iLqFvMQqOYrPNk1o5ZybsP+N4=,sciences_secondaire,fr
1/Rftf59Hd6wFVLYddpwN5huz4Y=,sciences_secondaire,fr
UgdbZwQ5pRx8OCByVMdxIuEwpPI=,sciences_secondaire,fr
ZBw2eBB+s+LGqIN+1GydMRPIwgw=,sciences_secondaire,fr
DcNXTEt/EIEgIrfvvTNlgXCp7fY=,sciences_secondaire,fr
gklvrrW+5+/rjLdfQA8ljAwP7os=,sciences_secondaire,fr
ujiGJD5NaOJcgdKrl+Mibg8G+h0=,sciences_secondaire,fr
4pYTeKj/wRdgSJ8TiUiHVXp85dQ=,sciences_secondaire,fr
nrPxP+ZZby2cWsavENorukuL+dU=,sciences_secondaire,fr
AHwbDLJN/j3U0fBUkkvcc2VKr5E=,sciences_secondaire,fr
KjaTF3mr0N9ysRr6dPimYaBbuqc=,sciences_secondaire,fr
fuvQx+Bolq5o776fSnI1xEbTF7I=,sciences_secondaire,fr
CrLSv9YUIP620yvGfL0etlnSw4A=,sciences_secondaire,fr
PtWjRbjx1wevqbu4AXQNn8T8++g=,sciences_secondaire,fr
AhbglV4PLS6Cqon+QidHPSMpOuQ=,sciences_secondaire,fr
+kA//C9qAVGLtQascCuOayH13S0=,sciences_secondaire,fr
0FJLzharSFPd1pmNf/Dt25iXkVc=,sciences_secondaire,fr
jUm6/XY/QPDlI+5IPF8bRLdNQ3A=,sciences_secondaire,fr
SC68espSKIa5VeCYptCpZw3/6uY=,sciences_secondaire,fr
KL9xwPiTtrNXVnZf8W16imvrBjk=,sciences_secondaire,fr
Q1TOpokt3fwHcC2Z/29GFAbzQaY=,sciences_secondaire,fr
e1WUBEYcPclNYrL3OKd4MGnwL2A=,sciences_secondaire,fr
pX1FCDKDTpkhk9tUZJszPWNX0I0=,sciences_secondaire,fr
sUG1PjypkAIn1lSJSXvOj58byUk=,sciences_secondaire,fr
wb/idogNa+tOqnsaxy6IQHSoGhQ=,chimie_secondaire_1-2,fr
HiF2bmJujC23YnxpivMsjTXRdsk=,chimie_secondaire_3-5,fr
4pYTeKj/wRdgSJ8TiUiHVXp85dQ=,chimie_secondaire_3-5,fr
Gnv9kWxRVXlwRNS2j5Wmrn0GwOY=,education_financiere_,fr
cVttPDmX3c/JkdvRzGYryxNL4DQ=,education_financiere_,fr
UgdbZwQ5pRx8OCByVMdxIuEwpPI=,geographie_secondaire,fr
QCuwKXEype1aPX+1ubv3ops0fKQ=,geographie_secondaire,fr
anuDLbV4imafe+KYIXvJGqKbtmw=,geographie_secondaire,fr
AHwbDLJN/j3U0fBUkkvcc2VKr5E=,geographie_secondaire,fr
dIv8rTPYT91Ue2eNk5IvMFu/BVQ=,geographie_secondaire,fr
atG4rKAA3DKMvrtW3z2zVBi4jiA=,geographie_secondaire,fr
u7dE1BKfCYH6UhnlTfRRdDxF+Tk=,geographie_secondaire,fr
cVttPDmX3c/JkdvRzGYryxNL4DQ=,geographie_secondaire,fr
zetRiCL0U1IGQqhg/RoTiLGb+OQ=,geographie_secondaire,fr
i6xnWkCEseUdirsN/g1LJ/HIs04=,geographie_secondaire,fr
jUm6/XY/QPDlI+5IPF8bRLdNQ3A=,geographie_secondaire,fr
PtWjRbjx1wevqbu4AXQNn8T8++g=,geographie_secondaire,fr
wb/idogNa+tOqnsaxy6IQHSoGhQ=,geographie_secondaire,fr
dXBAlFlVplOMk0wRR8cvn5I0QeE=,geographie_secondaire,fr
xGl0VKKG5q8tu9A2MXU8ic6rtR0=,geographie_secondaire,fr
wZSftUbxDpMAvQ8S6jvnbx6B4bY=,geographie_secondaire,fr
Gnv9kWxRVXlwRNS2j5Wmrn0GwOY=,geographie_secondaire,fr
KL9xwPiTtrNXVnZf8W16imvrBjk=,geographie_secondaire,fr
0DuJNnNoWxANjD3LRqPfqjjCRTc=,geographie_secondaire,fr
d1tjz1mr8Itp9px13zVQddMfHrY=,geographie_secondaire,fr
zG4WhyWNAzGzgmbujKxb9NazN/Y=,geographie_secondaire,fr
spCuR8ULdoBJ/+KqJ7KjtLy3/Ys=,geographie_secondaire,fr
Rk4e7247m5ZzW7W6jMSZPaz7clM=,geographie_secondaire,fr
VvFRUkuGXkm7BFLOe+/Fkirw5D8=,geographie_secondaire,fr
GpKke9Bj93kKim+UX0K40slA4mU=,geographie_secondaire,fr
m7YWc9HHdhsw79jx3qi8IykQ5ug=,geographie_secondaire,fr
OO/zUPCNWRO3kNf5JrLIet082Kg=,geographie_secondaire,fr
JJoh1mA11siyCQUp0LNTNaSzwvc=,geographie_secondaire,fr
R6l9iPsr0Hr2F6dAwy93rMjgT4g=,geographie_secondaire,fr
HiF2bmJujC23YnxpivMsjTXRdsk=,geographie_secondaire,fr
RNGb953zrtJ3d6HhCbaXIuezcco=,geographie_secondaire,fr
qwQOUVE4X1AuCDzIF2cID12eHoM=,physique_secondaire_3-5,fr
4pYTeKj/wRdgSJ8TiUiHVXp85dQ=,physique_secondaire_3-5,fr
AhbglV4PLS6Cqon+QidHPSMpOuQ=,sciences_secondaire_3-5,fr
0DuJNnNoWxANjD3LRqPfqjjCRTc=,monde_contemporain_primaire,fr
dIv8rTPYT91Ue2eNk5IvMFu/BVQ=,monde_contemporain_primaire,fr
cVttPDmX3c/JkdvRzGYryxNL4DQ=,monde_contemporain_secondaire,fr
Gnv9kWxRVXlwRNS2j5Wmrn0GwOY=,monde_contemporain_secondaire,fr
anuDLbV4imafe+KYIXvJGqKbtmw=,monde_contemporain_secondaire,fr
dIv8rTPYT91Ue2eNk5IvMFu/BVQ=,monde_contemporain_secondaire,fr
eHW1ARoTp32aaaFa1j3e4QfKSdQ=,monde_contemporain_secondaire,fr
m2st7NemPio/Er2aiqvOqX5boPI=,monde_contemporain_secondaire,fr
+FTsDHZEVij6S/YlUmkBAjxYX40=,monde_contemporain_secondaire,fr
UgdbZwQ5pRx8OCByVMdxIuEwpPI=,monde_contemporain_secondaire,fr
KL9xwPiTtrNXVnZf8W16imvrBjk=,monde_contemporain_secondaire,fr
GqrR4wOPzE+gs/tgNhg5OBwh4hc=,monde_contemporain_secondaire,fr
l9X1MNGtOwoICbOo0OrA5B9SEFI=,monde_contemporain_secondaire,fr
E7SfdlQpeezeQ3jyA6hBAqQ8GKE=,monde_contemporain_secondaire,fr
1aAR53SMQInXnQ1sw6BbW9HaBU0=,monde_contemporain_secondaire,fr
dXBAlFlVplOMk0wRR8cvn5I0QeE=,monde_contemporain_secondaire,fr
QCuwKXEype1aPX+1ubv3ops0fKQ=,monde_contemporain_secondaire,fr
0DuJNnNoWxANjD3LRqPfqjjCRTc=,monde_contemporain_secondaire,fr
RNGb953zrtJ3d6HhCbaXIuezcco=,monde_contemporain_secondaire,fr
zG4WhyWNAzGzgmbujKxb9NazN/Y=,monde_contemporain_secondaire,fr
HiF2bmJujC23YnxpivMsjTXRdsk=,monde_contemporain_secondaire,fr
wZSftUbxDpMAvQ8S6jvnbx6B4bY=,monde_contemporain_secondaire,fr
wb/idogNa+tOqnsaxy6IQHSoGhQ=,monde_contemporain_secondaire,fr
pX1FCDKDTpkhk9tUZJszPWNX0I0=,monde_contemporain_secondaire,fr
Rk4e7247m5ZzW7W6jMSZPaz7clM=,monde_contemporain_secondaire,fr
lM9d8KaugYNMOZWo7TCbpv7A0Tw=,monde_contemporain_secondaire,fr
VvFRUkuGXkm7BFLOe+/Fkirw5D8=,monde_contemporain_secondaire,fr
xGl0VKKG5q8tu9A2MXU8ic6rtR0=,monde_contemporain_secondaire,fr
d1tjz1mr8Itp9px13zVQddMfHrY=,monde_contemporain_secondaire,fr
i6xnWkCEseUdirsN/g1LJ/HIs04=,monde_contemporain_secondaire,fr
atG4rKAA3DKMvrtW3z2zVBi4jiA=,monde_contemporain_secondaire,fr
JJoh1mA11siyCQUp0LNTNaSzwvc=,monde_contemporain_secondaire,fr
QClRsOBOs0gtarJEafwJlr3EMR0=,monde_contemporain_secondaire,fr
5Pqz1c6FnvMpR+xLc80rWKFUX1Q=,monde_contemporain_secondaire,fr
d6PU3e+xIUCrW2EcrrHMSOJl4uI=,monde_contemporain_secondaire,fr
jUm6/XY/QPDlI+5IPF8bRLdNQ3A=,monde_contemporain_secondaire,fr
GpKke9Bj93kKim+UX0K40slA4mU=,monde_contemporain_secondaire,fr
YKzDhQS3O3Q5BfEAI8tziG+g7aU=,monde_contemporain_secondaire,fr
DEjPHfWVTIMGlQvW7h7ujmJmLog=,monde_contemporain_secondaire,fr
GpKke9Bj93kKim+UX0K40slA4mU=,education_financiere_secondaire,fr
N3ONjtj40I5LJVY6trAiwbpxXv8=,education_financiere_secondaire,fr
PtWjRbjx1wevqbu4AXQNn8T8++g=,education_financiere_secondaire,fr
d1tjz1mr8Itp9px13zVQddMfHrY=,education_financiere_secondaire,fr
zG4WhyWNAzGzgmbujKxb9NazN/Y=,education_financiere_secondaire,fr
nrPxP+ZZby2cWsavENorukuL+dU=,education_financiere_secondaire,fr
1aAR53SMQInXnQ1sw6BbW9HaBU0=,education_financiere_secondaire,fr
UgdbZwQ5pRx8OCByVMdxIuEwpPI=,education_financiere_secondaire,fr
QwX/U1D2E197WXPFWQA1sZTZvFU=,education_financiere_secondaire,fr
anuDLbV4imafe+KYIXvJGqKbtmw=,education_financiere_secondaire,fr
JJoh1mA11siyCQUp0LNTNaSzwvc=,education_financiere_secondaire,fr
m7YWc9HHdhsw79jx3qi8IykQ5ug=,education_financiere_secondaire,fr
atG4rKAA3DKMvrtW3z2zVBi4jiA=,education_financiere_secondaire,fr
SeDGBN1XUIGQlUt5Xktgepe2ghM=,education_financiere_secondaire,fr
e1WUBEYcPclNYrL3OKd4MGnwL2A=,education_financiere_secondaire,fr
0DuJNnNoWxANjD3LRqPfqjjCRTc=,education_financiere_secondaire,fr
wZSftUbxDpMAvQ8S6jvnbx6B4bY=,education_financiere_secondaire,fr
9Afrx7l/KS7dl0scojC4ScBXy9Y=,education_financiere_secondaire,fr
VvFRUkuGXkm7BFLOe+/Fkirw5D8=,education_financiere_secondaire,fr
Rk4e7247m5ZzW7W6jMSZPaz7clM=,education_financiere_secondaire,fr
E7SfdlQpeezeQ3jyA6hBAqQ8GKE=,education_financiere_secondaire,fr
dXBAlFlVplOMk0wRR8cvn5I0QeE=,education_financiere_secondaire,fr
fuvQx+Bolq5o776fSnI1xEbTF7I=,education_financiere_secondaire,fr
+FTsDHZEVij6S/YlUmkBAjxYX40=,education_financiere_secondaire,fr
Gnv9kWxRVXlwRNS2j5Wmrn0GwOY=,education_financiere_secondaire,fr
6TZKug0CMc6sILU5pz7h1KsHB3M=,education_financiere_secondaire,fr
YKzDhQS3O3Q5BfEAI8tziG+g7aU=,education_financiere_secondaire,fr
YtC5gIw+ibaFzV26fU8C9fr/OXM=,education_financiere_secondaire,fr
ibX58NPQ3cQnhiTnDKTCQK+JaMk=,education_financiere_secondaire,fr
SDrtrQIxhO09ITcVNQF/1y+ULWo=,education_financiere_secondaire,fr
ZZwVZcrO0MA8RX8guqsjGEJe3KU=,education_financiere_secondaire,fr
QCuwKXEype1aPX+1ubv3ops0fKQ=,education_financiere_secondaire,fr
+kA//C9qAVGLtQascCuOayH13S0=,education_financiere_secondaire,fr
zetRiCL0U1IGQqhg/RoTiLGb+OQ=,education_financiere_secondaire,fr
4pYTeKj/wRdgSJ8TiUiHVXp85dQ=,education_financiere_secondaire,fr
HiF2bmJujC23YnxpivMsjTXRdsk=,education_financiere_secondaire,fr
cVttPDmX3c/JkdvRzGYryxNL4DQ=,education_financiere_secondaire,fr
xGl0VKKG5q8tu9A2MXU8ic6rtR0=,education_financiere_secondaire,fr
M/AHhC36ez5h+YANMUXxavd2TVU=,education_financiere_secondaire,fr
Q1TOpokt3fwHcC2Z/29GFAbzQaY=,education_financiere_secondaire,fr
QClRsOBOs0gtarJEafwJlr3EMR0=,education_financiere_secondaire,fr
jUm6/XY/QPDlI+5IPF8bRLdNQ3A=,education_financiere_secondaire,fr
4tkEKGOwqVH5NugnwlWtkUYCr0s=,education_financiere_secondaire,fr
RNGb953zrtJ3d6HhCbaXIuezcco=,education_financiere_secondaire,fr
dIv8rTPYT91Ue2eNk5IvMFu/BVQ=,education_financiere_secondaire,fr
cVttPDmX3c/JkdvRzGYryxNL4DQ=,monde_contemporain_secondaire_3-5,fr
RNGb953zrtJ3d6HhCbaXIuezcco=,education_financiere_secondaire_3-5,fr
UgdbZwQ5pRx8OCByVMdxIuEwpPI=,education_financiere_secondaire_3-5,fr